no_temp,480,10,0.1,0.9,0.1,0.0,0.1,0.842105263157902,1.0000000000000087
no_temp,480,10,0.1,0.9,0.1,0.0,0.1,0.842105263157902,1.0000000000000087
no_temp,480,10,0.1,0.9,0.1,0.0,0.1,0.842105263157902,1.0000000000000087
no_temp,480,10,0.1,0.9,0.1,0.0,0.1,0.842105263157902,1.0000000000000087
no_temp,480,10,0.1,0.9,0.1,0.0,0.1,0.842105263157902,1.0000000000000087
no_replan,480,10,0.1,0.9,0.1,0.0,0.1,0.8385964912280761,0.8916666666666737
no_replan,480,10,0.1,0.9,0.1,0.0,0.1,0.8543859649122864,0.8687500000000067
no_replan,480,10,0.1,0.9,0.1,0.0,0.1,0.8842105263157953,0.8833333333333403
no_replan,480,10,0.1,0.9,0.1,0.0,0.1,0.8631578947368479,0.8791666666666735
no_replan,480,10,0.1,0.9,0.1,0.0,0.1,0.8526315789473741,0.8666666666666734
replan_no_observe,480,10,0.1,0.9,0.1,0.0,0.1,0.9000000000000058,0.8812500000000069
replan_no_observe,480,10,0.1,0.9,0.1,0.0,0.1,0.8754385964912336,0.8520833333333399
replan_no_observe,480,10,0.1,0.9,0.1,0.0,0.1,0.889473684210532,0.8687500000000067
replan_no_observe,480,10,0.1,0.9,0.1,0.0,0.1,0.8877192982456199,0.887500000000007
replan_no_observe,480,10,0.1,0.9,0.1,0.0,0.1,0.8736842105263212,0.8500000000000064
hack_observe,480,10,0.1,0.9,0.1,0.0,0.1,0.8385964912280761,0.8916666666666737
hack_observe,480,10,0.1,0.9,0.1,0.0,0.1,0.8543859649122864,0.8687500000000067
hack_observe,480,10,0.1,0.9,0.1,0.0,0.1,0.8842105263157953,0.8833333333333403
hack_observe,480,10,0.1,0.9,0.1,0.0,0.1,0.8578947368421109,0.8729166666666734
hack_observe,480,10,0.1,0.9,0.1,0.0,0.1,0.8526315789473743,0.887500000000007
observe,480,10,0.1,0.9,0.1,0.0,0.1,0.8964912280701812,0.8770833333333402
observe,480,10,0.1,0.9,0.1,0.0,0.1,0.8754385964912336,0.8520833333333399
observe,480,10,0.1,0.9,0.1,0.0,0.1,0.8964912280701812,0.8770833333333402
observe,480,10,0.1,0.9,0.1,0.0,0.1,0.8859649122807074,0.86458333333334
observe,480,10,0.1,0.9,0.1,0.0,0.1,0.882456140350883,0.8812500000000069
no_temp,480,10,0.2,0.9,0.1,0.0,0.1,0.842105263157902,1.0000000000000087
no_temp,480,10,0.2,0.9,0.1,0.0,0.1,0.842105263157902,1.0000000000000087
no_temp,480,10,0.2,0.9,0.1,0.0,0.1,0.842105263157902,1.0000000000000087
no_temp,480,10,0.2,0.9,0.1,0.0,0.1,0.842105263157902,1.0000000000000087
no_temp,480,10,0.2,0.9,0.1,0.0,0.1,0.842105263157902,1.0000000000000087
no_replan,480,10,0.2,0.9,0.1,0.0,0.1,0.8578947368421113,0.893750000000007
no_replan,480,10,0.2,0.9,0.1,0.0,0.1,0.8087719298245677,0.9187500000000074
no_replan,480,10,0.2,0.9,0.1,0.0,0.1,0.8385964912280763,0.9125000000000073
no_replan,480,10,0.2,0.9,0.1,0.0,0.1,0.8842105263157956,0.9041666666666739
no_replan,480,10,0.2,0.9,0.1,0.0,0.1,0.8929824561403569,0.893750000000007
replan_no_observe,480,10,0.2,0.9,0.1,0.0,0.1,0.907017543859655,0.8895833333333404
replan_no_observe,480,10,0.2,0.9,0.1,0.0,0.1,0.8315789473684264,0.841666666666673
replan_no_observe,480,10,0.2,0.9,0.1,0.0,0.1,0.8859649122807076,0.8854166666666736
replan_no_observe,480,10,0.2,0.9,0.1,0.0,0.1,0.8877192982456201,0.9083333333333407
replan_no_observe,480,10,0.2,0.9,0.1,0.0,0.1,0.8754385964912338,0.8729166666666734
hack_observe,480,10,0.2,0.9,0.1,0.0,0.1,0.8719298245614094,0.8895833333333404
hack_observe,480,10,0.2,0.9,0.1,0.0,0.1,0.8035087719298303,0.8708333333333401
hack_observe,480,10,0.2,0.9,0.1,0.0,0.1,0.8526315789473741,0.8666666666666734
hack_observe,480,10,0.2,0.9,0.1,0.0,0.1,0.8859649122807076,0.8854166666666736
hack_observe,480,10,0.2,0.9,0.1,0.0,0.1,0.8894736842105322,0.8895833333333404
observe,480,10,0.2,0.9,0.1,0.0,0.1,0.9000000000000058,0.8812500000000069
observe,480,10,0.2,0.9,0.1,0.0,0.1,0.86491228070176,0.8604166666666733
observe,480,10,0.2,0.9,0.1,0.0,0.1,0.889473684210532,0.8687500000000067
observe,480,10,0.2,0.9,0.1,0.0,0.1,0.8912280701754445,0.8916666666666737
observe,480,10,0.2,0.9,0.1,0.0,0.1,0.8719298245614092,0.8687500000000067
no_temp,480,10,0.3,0.9,0.1,0.0,0.1,0.842105263157902,1.0000000000000087
no_temp,480,10,0.3,0.9,0.1,0.0,0.1,0.842105263157902,1.0000000000000087
no_temp,480,10,0.3,0.9,0.1,0.0,0.1,0.842105263157902,1.0000000000000087
no_temp,480,10,0.3,0.9,0.1,0.0,0.1,0.842105263157902,1.0000000000000087
no_temp,480,10,0.3,0.9,0.1,0.0,0.1,0.842105263157902,1.0000000000000087
no_replan,480,10,0.3,0.9,0.1,0.0,0.1,0.8964912280701812,0.8770833333333402
no_replan,480,10,0.3,0.9,0.1,0.0,0.1,0.8719298245614094,0.8895833333333404
no_replan,480,10,0.3,0.9,0.1,0.0,0.1,0.8929824561403569,0.893750000000007
no_replan,480,10,0.3,0.9,0.1,0.0,0.1,0.8631578947368479,0.8791666666666735
no_replan,480,10,0.3,0.9,0.1,0.0,0.1,0.8859649122807081,0.9270833333333409
replan_no_observe,480,10,0.3,0.9,0.1,0.0,0.1,0.8929824561403571,0.9145833333333407
replan_no_observe,480,10,0.3,0.9,0.1,0.0,0.1,0.8842105263157953,0.8833333333333403
replan_no_observe,480,10,0.3,0.9,0.1,0.0,0.1,0.9052631578947428,0.887500000000007
replan_no_observe,480,10,0.3,0.9,0.1,0.0,0.1,0.8736842105263215,0.8708333333333401
replan_no_observe,480,10,0.3,0.9,0.1,0.0,0.1,0.9017543859649186,0.9250000000000075
hack_observe,480,10,0.3,0.9,0.1,0.0,0.1,0.8929824561403571,0.9145833333333407
hack_observe,480,10,0.3,0.9,0.1,0.0,0.1,0.8684210526315851,0.9062500000000072
hack_observe,480,10,0.3,0.9,0.1,0.0,0.1,0.875438596491234,0.893750000000007
hack_observe,480,10,0.3,0.9,0.1,0.0,0.1,0.8578947368421115,0.9145833333333407
hack_observe,480,10,0.3,0.9,0.1,0.0,0.1,0.9000000000000064,0.9229166666666742
observe,480,10,0.3,0.9,0.1,0.0,0.1,0.8877192982456201,0.9083333333333407
observe,480,10,0.3,0.9,0.1,0.0,0.1,0.8842105263157953,0.8833333333333403
observe,480,10,0.3,0.9,0.1,0.0,0.1,0.907017543859655,0.8895833333333404
observe,480,10,0.3,0.9,0.1,0.0,0.1,0.8877192982456199,0.887500000000007
observe,480,10,0.3,0.9,0.1,0.0,0.1,0.907017543859655,0.8895833333333404
no_temp,480,10,0.4,0.9,0.1,0.0,0.1,0.842105263157902,1.0000000000000087
no_temp,480,10,0.4,0.9,0.1,0.0,0.1,0.842105263157902,1.0000000000000087
no_temp,480,10,0.4,0.9,0.1,0.0,0.1,0.842105263157902,1.0000000000000087
no_temp,480,10,0.4,0.9,0.1,0.0,0.1,0.842105263157902,1.0000000000000087
no_temp,480,10,0.4,0.9,0.1,0.0,0.1,0.842105263157902,1.0000000000000087
no_replan,480,10,0.4,0.9,0.1,0.0,0.1,0.8315789473684269,0.8833333333333403
no_replan,480,10,0.4,0.9,0.1,0.0,0.1,0.836842105263164,0.910416666666674
no_replan,480,10,0.4,0.9,0.1,0.0,0.1,0.935087719298252,0.9229166666666742
no_replan,480,10,0.4,0.9,0.1,0.0,0.1,0.8789473684210591,0.9395833333333411
no_replan,480,10,0.4,0.9,0.1,0.0,0.1,0.9087719298245678,0.933333333333341
replan_no_observe,480,10,0.4,0.9,0.1,0.0,0.1,0.8842105263157951,0.8625000000000066
replan_no_observe,480,10,0.4,0.9,0.1,0.0,0.1,0.8912280701754445,0.8916666666666737
replan_no_observe,480,10,0.4,0.9,0.1,0.0,0.1,0.935087719298252,0.9229166666666742
replan_no_observe,480,10,0.4,0.9,0.1,0.0,0.1,0.9087719298245676,0.9125000000000073
replan_no_observe,480,10,0.4,0.9,0.1,0.0,0.1,0.9122807017543919,0.8958333333333405
hack_observe,480,10,0.4,0.9,0.1,0.0,0.1,0.8789473684210581,0.8562500000000065
hack_observe,480,10,0.4,0.9,0.1,0.0,0.1,0.8736842105263217,0.8916666666666737
hack_observe,480,10,0.4,0.9,0.1,0.0,0.1,0.935087719298252,0.9229166666666742
hack_observe,480,10,0.4,0.9,0.1,0.0,0.1,0.8842105263157958,0.9250000000000075
hack_observe,480,10,0.4,0.9,0.1,0.0,0.1,0.9122807017543919,0.8958333333333405
observe,480,10,0.4,0.9,0.1,0.0,0.1,0.8842105263157951,0.8625000000000066
observe,480,10,0.4,0.9,0.1,0.0,0.1,0.8859649122807076,0.8854166666666736
observe,480,10,0.4,0.9,0.1,0.0,0.1,0.935087719298252,0.9229166666666742
observe,480,10,0.4,0.9,0.1,0.0,0.1,0.8964912280701812,0.8770833333333402
observe,480,10,0.4,0.9,0.1,0.0,0.1,0.9122807017543919,0.8958333333333405
no_temp,480,10,0.5,0.9,0.1,0.0,0.1,0.842105263157902,1.0000000000000087
no_temp,480,10,0.5,0.9,0.1,0.0,0.1,0.842105263157902,1.0000000000000087
no_temp,480,10,0.5,0.9,0.1,0.0,0.1,0.842105263157902,1.0000000000000087
no_temp,480,10,0.5,0.9,0.1,0.0,0.1,0.842105263157902,1.0000000000000087
no_temp,480,10,0.5,0.9,0.1,0.0,0.1,0.842105263157902,1.0000000000000087
no_replan,480,10,0.5,0.9,0.1,0.0,0.1,0.8666666666666728,0.9041666666666739
no_replan,480,10,0.5,0.9,0.1,0.0,0.1,0.8789473684210584,0.8770833333333402
no_replan,480,10,0.5,0.9,0.1,0.0,0.1,0.8859649122807081,0.9270833333333409
no_replan,480,10,0.5,0.9,0.1,0.0,0.1,0.8754385964912342,0.9145833333333407
no_replan,480,10,0.5,0.9,0.1,0.0,0.1,0.9192982456140409,0.8833333333333403
replan_no_observe,480,10,0.5,0.9,0.1,0.0,0.1,0.8929824561403565,0.8729166666666734
replan_no_observe,480,10,0.5,0.9,0.1,0.0,0.1,0.8982456140350935,0.8791666666666735
replan_no_observe,480,10,0.5,0.9,0.1,0.0,0.1,0.8982456140350937,0.9000000000000071
replan_no_observe,480,10,0.5,0.9,0.1,0.0,0.1,0.8666666666666725,0.8833333333333403
replan_no_observe,480,10,0.5,0.9,0.1,0.0,0.1,0.9192982456140409,0.8833333333333403
hack_observe,480,10,0.5,0.9,0.1,0.0,0.1,0.8964912280701812,0.8770833333333402
hack_observe,480,10,0.5,0.9,0.1,0.0,0.1,0.8789473684210584,0.8770833333333402
hack_observe,480,10,0.5,0.9,0.1,0.0,0.1,0.8929824561403565,0.8729166666666734
hack_observe,480,10,0.5,0.9,0.1,0.0,0.1,0.8859649122807074,0.86458333333334
hack_observe,480,10,0.5,0.9,0.1,0.0,0.1,0.9192982456140409,0.8833333333333403
observe,480,10,0.5,0.9,0.1,0.0,0.1,0.8964912280701812,0.8770833333333402
observe,480,10,0.5,0.9,0.1,0.0,0.1,0.8789473684210584,0.8770833333333402
observe,480,10,0.5,0.9,0.1,0.0,0.1,0.8964912280701812,0.8770833333333402
observe,480,10,0.5,0.9,0.1,0.0,0.1,0.8877192982456197,0.8666666666666734
observe,480,10,0.5,0.9,0.1,0.0,0.1,0.9192982456140409,0.8833333333333403
no_temp,480,10,0.6,0.9,0.1,0.0,0.1,0.842105263157902,1.0000000000000087
no_temp,480,10,0.6,0.9,0.1,0.0,0.1,0.842105263157902,1.0000000000000087
no_temp,480,10,0.6,0.9,0.1,0.0,0.1,0.842105263157902,1.0000000000000087
no_temp,480,10,0.6,0.9,0.1,0.0,0.1,0.842105263157902,1.0000000000000087
no_temp,480,10,0.6,0.9,0.1,0.0,0.1,0.842105263157902,1.0000000000000087
no_replan,480,10,0.6,0.9,0.1,0.0,0.1,0.8789473684210587,0.8979166666666738
no_replan,480,10,0.6,0.9,0.1,0.0,0.1,0.8947368421052689,0.8750000000000068
no_replan,480,10,0.6,0.9,0.1,0.0,0.1,0.9052631578947428,0.887500000000007
no_replan,480,10,0.6,0.9,0.1,0.0,0.1,0.8649122807017607,0.9229166666666742
no_replan,480,10,0.6,0.9,0.1,0.0,0.1,0.9000000000000064,0.9229166666666742
replan_no_observe,480,10,0.6,0.9,0.1,0.0,0.1,0.8929824561403569,0.893750000000007
replan_no_observe,480,10,0.6,0.9,0.1,0.0,0.1,0.8947368421052689,0.8750000000000068
replan_no_observe,480,10,0.6,0.9,0.1,0.0,0.1,0.900000000000006,0.9020833333333406
replan_no_observe,480,10,0.6,0.9,0.1,0.0,0.1,0.880701754385971,0.9000000000000071
replan_no_observe,480,10,0.6,0.9,0.1,0.0,0.1,0.9192982456140412,0.9041666666666739
hack_observe,480,10,0.6,0.9,0.1,0.0,0.1,0.8929824561403569,0.893750000000007
hack_observe,480,10,0.6,0.9,0.1,0.0,0.1,0.8947368421052689,0.8750000000000068
hack_observe,480,10,0.6,0.9,0.1,0.0,0.1,0.900000000000006,0.9020833333333406
hack_observe,480,10,0.6,0.9,0.1,0.0,0.1,0.8964912280701814,0.8979166666666738
hack_observe,480,10,0.6,0.9,0.1,0.0,0.1,0.9087719298245676,0.9125000000000073
observe,480,10,0.6,0.9,0.1,0.0,0.1,0.8929824561403569,0.893750000000007
observe,480,10,0.6,0.9,0.1,0.0,0.1,0.8947368421052689,0.8750000000000068
observe,480,10,0.6,0.9,0.1,0.0,0.1,0.900000000000006,0.9020833333333406
observe,480,10,0.6,0.9,0.1,0.0,0.1,0.9035087719298309,0.9270833333333409
observe,480,10,0.6,0.9,0.1,0.0,0.1,0.9175438596491289,0.9020833333333406
no_temp,480,10,0.7,0.9,0.1,0.0,0.1,0.842105263157902,1.0000000000000087
no_temp,480,10,0.7,0.9,0.1,0.0,0.1,0.842105263157902,1.0000000000000087
no_temp,480,10,0.7,0.9,0.1,0.0,0.1,0.842105263157902,1.0000000000000087
no_temp,480,10,0.7,0.9,0.1,0.0,0.1,0.842105263157902,1.0000000000000087
no_temp,480,10,0.7,0.9,0.1,0.0,0.1,0.842105263157902,1.0000000000000087
no_replan,480,10,0.7,0.9,0.1,0.0,0.1,0.9421052631579009,0.910416666666674
no_replan,480,10,0.7,0.9,0.1,0.0,0.1,0.8701754385964972,0.887500000000007
no_replan,480,10,0.7,0.9,0.1,0.0,0.1,0.9245614035087781,0.910416666666674
no_replan,480,10,0.7,0.9,0.1,0.0,0.1,0.9122807017543919,0.8958333333333405
no_replan,480,10,0.7,0.9,0.1,0.0,0.1,0.9192982456140412,0.9041666666666739
replan_no_observe,480,10,0.7,0.9,0.1,0.0,0.1,0.9421052631579009,0.910416666666674
replan_no_observe,480,10,0.7,0.9,0.1,0.0,0.1,0.8929824561403569,0.893750000000007
replan_no_observe,480,10,0.7,0.9,0.1,0.0,0.1,0.9140350877193043,0.8979166666666738
replan_no_observe,480,10,0.7,0.9,0.1,0.0,0.1,0.907017543859655,0.8895833333333404
replan_no_observe,480,10,0.7,0.9,0.1,0.0,0.1,0.9245614035087781,0.910416666666674
hack_observe,480,10,0.7,0.9,0.1,0.0,0.1,0.9421052631579009,0.910416666666674
hack_observe,480,10,0.7,0.9,0.1,0.0,0.1,0.8929824561403569,0.893750000000007
hack_observe,480,10,0.7,0.9,0.1,0.0,0.1,0.9140350877193043,0.8979166666666738
hack_observe,480,10,0.7,0.9,0.1,0.0,0.1,0.907017543859655,0.8895833333333404
hack_observe,480,10,0.7,0.9,0.1,0.0,0.1,0.9245614035087781,0.910416666666674
observe,480,10,0.7,0.9,0.1,0.0,0.1,0.9421052631579009,0.910416666666674
observe,480,10,0.7,0.9,0.1,0.0,0.1,0.889473684210532,0.8687500000000067
observe,480,10,0.7,0.9,0.1,0.0,0.1,0.9140350877193043,0.8979166666666738
observe,480,10,0.7,0.9,0.1,0.0,0.1,0.907017543859655,0.8895833333333404
observe,480,10,0.7,0.9,0.1,0.0,0.1,0.9245614035087781,0.910416666666674
no_temp,480,10,0.8,0.9,0.1,0.0,0.1,0.842105263157902,1.0000000000000087
no_temp,480,10,0.8,0.9,0.1,0.0,0.1,0.842105263157902,1.0000000000000087
no_temp,480,10,0.8,0.9,0.1,0.0,0.1,0.842105263157902,1.0000000000000087
no_temp,480,10,0.8,0.9,0.1,0.0,0.1,0.842105263157902,1.0000000000000087
no_temp,480,10,0.8,0.9,0.1,0.0,0.1,0.842105263157902,1.0000000000000087
no_replan,480,10,0.8,0.9,0.1,0.0,0.1,0.8859649122807078,0.9062500000000072
no_replan,480,10,0.8,0.9,0.1,0.0,0.1,0.8649122807017607,0.9229166666666742
no_replan,480,10,0.8,0.9,0.1,0.0,0.1,0.9157894736842166,0.9000000000000071
no_replan,480,10,0.8,0.9,0.1,0.0,0.1,0.907017543859655,0.8895833333333404
no_replan,480,10,0.8,0.9,0.1,0.0,0.1,0.8561403508771989,0.8916666666666737
replan_no_observe,480,10,0.8,0.9,0.1,0.0,0.1,0.8964912280701814,0.8979166666666738
replan_no_observe,480,10,0.8,0.9,0.1,0.0,0.1,0.8982456140350935,0.8791666666666735
replan_no_observe,480,10,0.8,0.9,0.1,0.0,0.1,0.9157894736842166,0.9000000000000071
replan_no_observe,480,10,0.8,0.9,0.1,0.0,0.1,0.907017543859655,0.8895833333333404
replan_no_observe,480,10,0.8,0.9,0.1,0.0,0.1,0.8894736842105322,0.8895833333333404
hack_observe,480,10,0.8,0.9,0.1,0.0,0.1,0.8877192982456197,0.8666666666666734
hack_observe,480,10,0.8,0.9,0.1,0.0,0.1,0.8947368421052692,0.8958333333333405
hack_observe,480,10,0.8,0.9,0.1,0.0,0.1,0.9157894736842166,0.9000000000000071
hack_observe,480,10,0.8,0.9,0.1,0.0,0.1,0.907017543859655,0.8895833333333404
hack_observe,480,10,0.8,0.9,0.1,0.0,0.1,0.8894736842105322,0.8895833333333404
observe,480,10,0.8,0.9,0.1,0.0,0.1,0.9017543859649181,0.8833333333333403
observe,480,10,0.8,0.9,0.1,0.0,0.1,0.8982456140350935,0.8791666666666735
observe,480,10,0.8,0.9,0.1,0.0,0.1,0.9157894736842166,0.9000000000000071
observe,480,10,0.8,0.9,0.1,0.0,0.1,0.907017543859655,0.8895833333333404
observe,480,10,0.8,0.9,0.1,0.0,0.1,0.8964912280701812,0.8770833333333402
no_temp,480,10,0.9,0.9,0.1,0.0,0.1,0.842105263157902,1.0000000000000087
no_temp,480,10,0.9,0.9,0.1,0.0,0.1,0.842105263157902,1.0000000000000087
no_temp,480,10,0.9,0.9,0.1,0.0,0.1,0.842105263157902,1.0000000000000087
no_temp,480,10,0.9,0.9,0.1,0.0,0.1,0.842105263157902,1.0000000000000087
no_temp,480,10,0.9,0.9,0.1,0.0,0.1,0.842105263157902,1.0000000000000087
no_replan,480,10,0.9,0.9,0.1,0.0,0.1,0.8877192982456201,0.9083333333333407
no_replan,480,10,0.9,0.9,0.1,0.0,0.1,0.8964912280701817,0.9187500000000074
no_replan,480,10,0.9,0.9,0.1,0.0,0.1,0.8964912280701814,0.8979166666666738
no_replan,480,10,0.9,0.9,0.1,0.0,0.1,0.9017543859649184,0.9041666666666739
no_replan,480,10,0.9,0.9,0.1,0.0,0.1,0.9087719298245676,0.9125000000000073
replan_no_observe,480,10,0.9,0.9,0.1,0.0,0.1,0.8964912280701812,0.8770833333333402
replan_no_observe,480,10,0.9,0.9,0.1,0.0,0.1,0.8982456140350937,0.9000000000000071
replan_no_observe,480,10,0.9,0.9,0.1,0.0,0.1,0.9052631578947428,0.887500000000007
replan_no_observe,480,10,0.9,0.9,0.1,0.0,0.1,0.9035087719298304,0.8854166666666736
replan_no_observe,480,10,0.9,0.9,0.1,0.0,0.1,0.898245614035094,0.9208333333333408
hack_observe,480,10,0.9,0.9,0.1,0.0,0.1,0.8964912280701812,0.8770833333333402
hack_observe,480,10,0.9,0.9,0.1,0.0,0.1,0.8982456140350937,0.9000000000000071
hack_observe,480,10,0.9,0.9,0.1,0.0,0.1,0.9052631578947428,0.887500000000007
hack_observe,480,10,0.9,0.9,0.1,0.0,0.1,0.9035087719298304,0.8854166666666736
hack_observe,480,10,0.9,0.9,0.1,0.0,0.1,0.898245614035094,0.9208333333333408
observe,480,10,0.9,0.9,0.1,0.0,0.1,0.8964912280701812,0.8770833333333402
observe,480,10,0.9,0.9,0.1,0.0,0.1,0.8982456140350937,0.9000000000000071
observe,480,10,0.9,0.9,0.1,0.0,0.1,0.9052631578947428,0.887500000000007
observe,480,10,0.9,0.9,0.1,0.0,0.1,0.9035087719298304,0.8854166666666736
observe,480,10,0.9,0.9,0.1,0.0,0.1,0.898245614035094,0.9208333333333408
no_temp,480,20,0.1,0.9,0.1,0.0,0.1,0.7272727272727335,1.0000000000000087
no_temp,480,20,0.1,0.9,0.1,0.0,0.1,0.7272727272727335,1.0000000000000087
no_temp,480,20,0.1,0.9,0.1,0.0,0.1,0.7272727272727335,1.0000000000000087
no_temp,480,20,0.1,0.9,0.1,0.0,0.1,0.7272727272727335,1.0000000000000087
no_temp,480,20,0.1,0.9,0.1,0.0,0.1,0.7272727272727335,1.0000000000000087
no_replan,480,20,0.1,0.9,0.1,0.0,0.1,0.7696969696969742,0.8291666666666728
no_replan,480,20,0.1,0.9,0.1,0.0,0.1,0.7772727272727317,0.818750000000006
no_replan,480,20,0.1,0.9,0.1,0.0,0.1,0.8272727272727315,0.8041666666666725
no_replan,480,20,0.1,0.9,0.1,0.0,0.1,0.8151515151515192,0.7875000000000055
no_replan,480,20,0.1,0.9,0.1,0.0,0.1,0.787878787878792,0.7916666666666723
replan_no_observe,480,20,0.1,0.9,0.1,0.0,0.1,0.8651515151515192,0.7937500000000056
replan_no_observe,480,20,0.1,0.9,0.1,0.0,0.1,0.8545454545454587,0.8000000000000057
replan_no_observe,480,20,0.1,0.9,0.1,0.0,0.1,0.837878787878792,0.7979166666666724
replan_no_observe,480,20,0.1,0.9,0.1,0.0,0.1,0.8575757575757615,0.7833333333333389
replan_no_observe,480,20,0.1,0.9,0.1,0.0,0.1,0.8151515151515192,0.7875000000000055
hack_observe,480,20,0.1,0.9,0.1,0.0,0.1,0.7772727272727317,0.818750000000006
hack_observe,480,20,0.1,0.9,0.1,0.0,0.1,0.789393939393944,0.8354166666666729
hack_observe,480,20,0.1,0.9,0.1,0.0,0.1,0.8075757575757619,0.818750000000006
hack_observe,480,20,0.1,0.9,0.1,0.0,0.1,0.7909090909090954,0.8375000000000062
hack_observe,480,20,0.1,0.9,0.1,0.0,0.1,0.7545454545454591,0.8291666666666728
observe,480,20,0.1,0.9,0.1,0.0,0.1,0.8575757575757618,0.8041666666666725
observe,480,20,0.1,0.9,0.1,0.0,0.1,0.8196969696969738,0.7937500000000056
observe,480,20,0.1,0.9,0.1,0.0,0.1,0.7969696969697012,0.8041666666666725
observe,480,20,0.1,0.9,0.1,0.0,0.1,0.8575757575757618,0.8041666666666725
observe,480,20,0.1,0.9,0.1,0.0,0.1,0.8363636363636405,0.795833333333339
no_temp,480,20,0.2,0.9,0.1,0.0,0.1,0.7272727272727335,1.0000000000000087
no_temp,480,20,0.2,0.9,0.1,0.0,0.1,0.7272727272727335,1.0000000000000087
no_temp,480,20,0.2,0.9,0.1,0.0,0.1,0.7272727272727335,1.0000000000000087
no_temp,480,20,0.2,0.9,0.1,0.0,0.1,0.7272727272727335,1.0000000000000087
no_temp,480,20,0.2,0.9,0.1,0.0,0.1,0.7272727272727335,1.0000000000000087
no_replan,480,20,0.2,0.9,0.1,0.0,0.1,0.8166666666666712,0.8312500000000062
no_replan,480,20,0.2,0.9,0.1,0.0,0.1,0.7833333333333382,0.8687500000000067
no_replan,480,20,0.2,0.9,0.1,0.0,0.1,0.8348484848484894,0.8354166666666729
no_replan,480,20,0.2,0.9,0.1,0.0,0.1,0.8196969696969743,0.8354166666666729
no_replan,480,20,0.2,0.9,0.1,0.0,0.1,0.8621212121212168,0.8520833333333399
replan_no_observe,480,20,0.2,0.9,0.1,0.0,0.1,0.8242424242424287,0.8208333333333394
replan_no_observe,480,20,0.2,0.9,0.1,0.0,0.1,0.8530303030303078,0.8604166666666733
replan_no_observe,480,20,0.2,0.9,0.1,0.0,0.1,0.8515151515151559,0.8166666666666726
replan_no_observe,480,20,0.2,0.9,0.1,0.0,0.1,0.8530303030303071,0.7979166666666724
replan_no_observe,480,20,0.2,0.9,0.1,0.0,0.1,0.8651515151515194,0.8145833333333393
hack_observe,480,20,0.2,0.9,0.1,0.0,0.1,0.8090909090909135,0.8208333333333394
hack_observe,480,20,0.2,0.9,0.1,0.0,0.1,0.7848484848484898,0.8708333333333401
hack_observe,480,20,0.2,0.9,0.1,0.0,0.1,0.8333333333333378,0.8333333333333396
hack_observe,480,20,0.2,0.9,0.1,0.0,0.1,0.8181818181818222,0.7916666666666723
hack_observe,480,20,0.2,0.9,0.1,0.0,0.1,0.8439393939393987,0.8479166666666731
observe,480,20,0.2,0.9,0.1,0.0,0.1,0.8515151515151561,0.8375000000000062
observe,480,20,0.2,0.9,0.1,0.0,0.1,0.8833333333333377,0.818750000000006
observe,480,20,0.2,0.9,0.1,0.0,0.1,0.8818181818181862,0.8166666666666726
observe,480,20,0.2,0.9,0.1,0.0,0.1,0.8242424242424282,0.7791666666666721
observe,480,20,0.2,0.9,0.1,0.0,0.1,0.8439393939393984,0.8270833333333395
no_temp,480,20,0.3,0.9,0.1,0.0,0.1,0.7272727272727335,1.0000000000000087
no_temp,480,20,0.3,0.9,0.1,0.0,0.1,0.7272727272727335,1.0000000000000087
no_temp,480,20,0.3,0.9,0.1,0.0,0.1,0.7272727272727335,1.0000000000000087
no_temp,480,20,0.3,0.9,0.1,0.0,0.1,0.7272727272727335,1.0000000000000087
no_temp,480,20,0.3,0.9,0.1,0.0,0.1,0.7272727272727335,1.0000000000000087
no_replan,480,20,0.3,0.9,0.1,0.0,0.1,0.8378787878787924,0.8395833333333397
no_replan,480,20,0.3,0.9,0.1,0.0,0.1,0.8575757575757622,0.8458333333333398
no_replan,480,20,0.3,0.9,0.1,0.0,0.1,0.859090909090914,0.8687500000000067
no_replan,480,20,0.3,0.9,0.1,0.0,0.1,0.8469696969697017,0.8520833333333399
no_replan,480,20,0.3,0.9,0.1,0.0,0.1,0.8439393939393987,0.8479166666666731
replan_no_observe,480,20,0.3,0.9,0.1,0.0,0.1,0.8530303030303076,0.8395833333333397
replan_no_observe,480,20,0.3,0.9,0.1,0.0,0.1,0.8727272727272773,0.8458333333333398
replan_no_observe,480,20,0.3,0.9,0.1,0.0,0.1,0.8757575757575804,0.8500000000000064
replan_no_observe,480,20,0.3,0.9,0.1,0.0,0.1,0.8530303030303074,0.818750000000006
replan_no_observe,480,20,0.3,0.9,0.1,0.0,0.1,0.8469696969697015,0.8312500000000062
hack_observe,480,20,0.3,0.9,0.1,0.0,0.1,0.8666666666666712,0.8375000000000062
hack_observe,480,20,0.3,0.9,0.1,0.0,0.1,0.8727272727272773,0.8458333333333398
hack_observe,480,20,0.3,0.9,0.1,0.0,0.1,0.8439393939393989,0.8687500000000067
hack_observe,480,20,0.3,0.9,0.1,0.0,0.1,0.819696969696974,0.8145833333333393
hack_observe,480,20,0.3,0.9,0.1,0.0,0.1,0.8318181818181866,0.8520833333333399
observe,480,20,0.3,0.9,0.1,0.0,0.1,0.8530303030303076,0.8395833333333397
observe,480,20,0.3,0.9,0.1,0.0,0.1,0.8727272727272773,0.8458333333333398
observe,480,20,0.3,0.9,0.1,0.0,0.1,0.8469696969697017,0.8520833333333399
observe,480,20,0.3,0.9,0.1,0.0,0.1,0.8484848484848528,0.8125000000000059
observe,480,20,0.3,0.9,0.1,0.0,0.1,0.8575757575757622,0.8458333333333398
no_temp,480,20,0.4,0.9,0.1,0.0,0.1,0.7272727272727335,1.0000000000000087
no_temp,480,20,0.4,0.9,0.1,0.0,0.1,0.7272727272727335,1.0000000000000087
no_temp,480,20,0.4,0.9,0.1,0.0,0.1,0.7272727272727335,1.0000000000000087
no_temp,480,20,0.4,0.9,0.1,0.0,0.1,0.7272727272727335,1.0000000000000087
no_temp,480,20,0.4,0.9,0.1,0.0,0.1,0.7272727272727335,1.0000000000000087
no_replan,480,20,0.4,0.9,0.1,0.0,0.1,0.8636363636363682,0.8333333333333396
no_replan,480,20,0.4,0.9,0.1,0.0,0.1,0.8424242424242471,0.8458333333333398
no_replan,480,20,0.4,0.9,0.1,0.0,0.1,0.8621212121212171,0.8729166666666734
no_replan,480,20,0.4,0.9,0.1,0.0,0.1,0.8621212121212171,0.8729166666666734
no_replan,480,20,0.4,0.9,0.1,0.0,0.1,0.8348484848484894,0.8354166666666729
replan_no_observe,480,20,0.4,0.9,0.1,0.0,0.1,0.866666666666671,0.8166666666666726
replan_no_observe,480,20,0.4,0.9,0.1,0.0,0.1,0.8636363636363684,0.8541666666666732
replan_no_observe,480,20,0.4,0.9,0.1,0.0,0.1,0.8848484848484892,0.8208333333333394
replan_no_observe,480,20,0.4,0.9,0.1,0.0,0.1,0.8969696969697015,0.8375000000000062
replan_no_observe,480,20,0.4,0.9,0.1,0.0,0.1,0.8984848484848533,0.8604166666666733
hack_observe,480,20,0.4,0.9,0.1,0.0,0.1,0.8681818181818224,0.7979166666666724
hack_observe,480,20,0.4,0.9,0.1,0.0,0.1,0.8530303030303074,0.818750000000006
hack_observe,480,20,0.4,0.9,0.1,0.0,0.1,0.8848484848484892,0.8208333333333394
hack_observe,480,20,0.4,0.9,0.1,0.0,0.1,0.8969696969697015,0.8375000000000062
hack_observe,480,20,0.4,0.9,0.1,0.0,0.1,0.8651515151515197,0.8354166666666729
observe,480,20,0.4,0.9,0.1,0.0,0.1,0.8469696969697013,0.8104166666666726
observe,480,20,0.4,0.9,0.1,0.0,0.1,0.8500000000000043,0.8145833333333393
observe,480,20,0.4,0.9,0.1,0.0,0.1,0.8848484848484892,0.8208333333333394
observe,480,20,0.4,0.9,0.1,0.0,0.1,0.8969696969697015,0.8375000000000062
observe,480,20,0.4,0.9,0.1,0.0,0.1,0.8863636363636408,0.8229166666666727
no_temp,480,20,0.5,0.9,0.1,0.0,0.1,0.7272727272727335,1.0000000000000087
no_temp,480,20,0.5,0.9,0.1,0.0,0.1,0.7272727272727335,1.0000000000000087
no_temp,480,20,0.5,0.9,0.1,0.0,0.1,0.7272727272727335,1.0000000000000087
no_temp,480,20,0.5,0.9,0.1,0.0,0.1,0.7272727272727335,1.0000000000000087
no_temp,480,20,0.5,0.9,0.1,0.0,0.1,0.7272727272727335,1.0000000000000087
no_replan,480,20,0.5,0.9,0.1,0.0,0.1,0.8469696969697017,0.8520833333333399
no_replan,480,20,0.5,0.9,0.1,0.0,0.1,0.8742424242424289,0.8479166666666731
no_replan,480,20,0.5,0.9,0.1,0.0,0.1,0.8469696969697017,0.8520833333333399
no_replan,480,20,0.5,0.9,0.1,0.0,0.1,0.8818181818181866,0.8583333333333399
no_replan,480,20,0.5,0.9,0.1,0.0,0.1,0.8893939393939441,0.8479166666666731
replan_no_observe,480,20,0.5,0.9,0.1,0.0,0.1,0.8803030303030346,0.8145833333333393
replan_no_observe,480,20,0.5,0.9,0.1,0.0,0.1,0.8848484848484892,0.8208333333333394
replan_no_observe,480,20,0.5,0.9,0.1,0.0,0.1,0.8833333333333377,0.818750000000006
replan_no_observe,480,20,0.5,0.9,0.1,0.0,0.1,0.8863636363636412,0.86458333333334
replan_no_observe,480,20,0.5,0.9,0.1,0.0,0.1,0.8848484848484894,0.841666666666673
hack_observe,480,20,0.5,0.9,0.1,0.0,0.1,0.8803030303030346,0.8145833333333393
hack_observe,480,20,0.5,0.9,0.1,0.0,0.1,0.8848484848484892,0.8208333333333394
hack_observe,480,20,0.5,0.9,0.1,0.0,0.1,0.8848484848484892,0.8208333333333394
hack_observe,480,20,0.5,0.9,0.1,0.0,0.1,0.8863636363636412,0.86458333333334
hack_observe,480,20,0.5,0.9,0.1,0.0,0.1,0.8848484848484894,0.841666666666673
observe,480,20,0.5,0.9,0.1,0.0,0.1,0.8878787878787925,0.8458333333333398
observe,480,20,0.5,0.9,0.1,0.0,0.1,0.8833333333333377,0.818750000000006
observe,480,20,0.5,0.9,0.1,0.0,0.1,0.8803030303030346,0.8145833333333393
observe,480,20,0.5,0.9,0.1,0.0,0.1,0.8863636363636412,0.86458333333334
observe,480,20,0.5,0.9,0.1,0.0,0.1,0.8848484848484894,0.841666666666673
no_temp,480,20,0.6,0.9,0.1,0.0,0.1,0.7272727272727335,1.0000000000000087
no_temp,480,20,0.6,0.9,0.1,0.0,0.1,0.7272727272727335,1.0000000000000087
no_temp,480,20,0.6,0.9,0.1,0.0,0.1,0.7272727272727335,1.0000000000000087
no_temp,480,20,0.6,0.9,0.1,0.0,0.1,0.7272727272727335,1.0000000000000087
no_temp,480,20,0.6,0.9,0.1,0.0,0.1,0.7272727272727335,1.0000000000000087
no_replan,480,20,0.6,0.9,0.1,0.0,0.1,0.8666666666666715,0.8583333333333399
no_replan,480,20,0.6,0.9,0.1,0.0,0.1,0.8454545454545503,0.8708333333333401
no_replan,480,20,0.6,0.9,0.1,0.0,0.1,0.8590909090909136,0.8270833333333395
no_replan,480,20,0.6,0.9,0.1,0.0,0.1,0.8484848484848532,0.8541666666666732
no_replan,480,20,0.6,0.9,0.1,0.0,0.1,0.8757575757575806,0.8708333333333401
replan_no_observe,480,20,0.6,0.9,0.1,0.0,0.1,0.8803030303030346,0.8145833333333393
replan_no_observe,480,20,0.6,0.9,0.1,0.0,0.1,0.8757575757575804,0.8500000000000064
replan_no_observe,480,20,0.6,0.9,0.1,0.0,0.1,0.8939393939393985,0.8333333333333396
replan_no_observe,480,20,0.6,0.9,0.1,0.0,0.1,0.8969696969697017,0.8583333333333399
replan_no_observe,480,20,0.6,0.9,0.1,0.0,0.1,0.8757575757575806,0.8708333333333401
hack_observe,480,20,0.6,0.9,0.1,0.0,0.1,0.8803030303030346,0.8145833333333393
hack_observe,480,20,0.6,0.9,0.1,0.0,0.1,0.8621212121212168,0.8520833333333399
hack_observe,480,20,0.6,0.9,0.1,0.0,0.1,0.8651515151515197,0.8354166666666729
hack_observe,480,20,0.6,0.9,0.1,0.0,0.1,0.8878787878787923,0.8250000000000061
hack_observe,480,20,0.6,0.9,0.1,0.0,0.1,0.8757575757575806,0.8708333333333401
observe,480,20,0.6,0.9,0.1,0.0,0.1,0.8818181818181862,0.8166666666666726
observe,480,20,0.6,0.9,0.1,0.0,0.1,0.8575757575757624,0.8666666666666734
observe,480,20,0.6,0.9,0.1,0.0,0.1,0.8924242424242469,0.8312500000000062
observe,480,20,0.6,0.9,0.1,0.0,0.1,0.8803030303030348,0.8354166666666729
observe,480,20,0.6,0.9,0.1,0.0,0.1,0.8954545454545502,0.8562500000000065
no_temp,480,20,0.7,0.9,0.1,0.0,0.1,0.7272727272727335,1.0000000000000087
no_temp,480,20,0.7,0.9,0.1,0.0,0.1,0.7272727272727335,1.0000000000000087
no_temp,480,20,0.7,0.9,0.1,0.0,0.1,0.7272727272727335,1.0000000000000087
no_temp,480,20,0.7,0.9,0.1,0.0,0.1,0.7272727272727335,1.0000000000000087
no_temp,480,20,0.7,0.9,0.1,0.0,0.1,0.7272727272727335,1.0000000000000087
no_replan,480,20,0.7,0.9,0.1,0.0,0.1,0.8287878787878833,0.8270833333333395
no_replan,480,20,0.7,0.9,0.1,0.0,0.1,0.8727272727272773,0.8458333333333398
no_replan,480,20,0.7,0.9,0.1,0.0,0.1,0.8500000000000048,0.8562500000000065
no_replan,480,20,0.7,0.9,0.1,0.0,0.1,0.8621212121212171,0.8729166666666734
no_replan,480,20,0.7,0.9,0.1,0.0,0.1,0.8469696969697017,0.8520833333333399
replan_no_observe,480,20,0.7,0.9,0.1,0.0,0.1,0.8742424242424287,0.8270833333333395
replan_no_observe,480,20,0.7,0.9,0.1,0.0,0.1,0.8893939393939438,0.8270833333333395
replan_no_observe,480,20,0.7,0.9,0.1,0.0,0.1,0.8757575757575804,0.8500000000000064
replan_no_observe,480,20,0.7,0.9,0.1,0.0,0.1,0.8333333333333383,0.8750000000000068
replan_no_observe,480,20,0.7,0.9,0.1,0.0,0.1,0.8666666666666712,0.8375000000000062
hack_observe,480,20,0.7,0.9,0.1,0.0,0.1,0.8621212121212164,0.8104166666666726
hack_observe,480,20,0.7,0.9,0.1,0.0,0.1,0.8893939393939438,0.8270833333333395
hack_observe,480,20,0.7,0.9,0.1,0.0,0.1,0.8772727272727318,0.8312500000000062
hack_observe,480,20,0.7,0.9,0.1,0.0,0.1,0.8333333333333383,0.8750000000000068
hack_observe,480,20,0.7,0.9,0.1,0.0,0.1,0.8666666666666712,0.8375000000000062
observe,480,20,0.7,0.9,0.1,0.0,0.1,0.8575757575757618,0.8041666666666725
observe,480,20,0.7,0.9,0.1,0.0,0.1,0.8848484848484894,0.841666666666673
observe,480,20,0.7,0.9,0.1,0.0,0.1,0.8772727272727315,0.8104166666666726
observe,480,20,0.7,0.9,0.1,0.0,0.1,0.8666666666666715,0.8583333333333399
observe,480,20,0.7,0.9,0.1,0.0,0.1,0.8636363636363682,0.8333333333333396
no_temp,480,20,0.8,0.9,0.1,0.0,0.1,0.7272727272727335,1.0000000000000087
no_temp,480,20,0.8,0.9,0.1,0.0,0.1,0.7272727272727335,1.0000000000000087
no_temp,480,20,0.8,0.9,0.1,0.0,0.1,0.7272727272727335,1.0000000000000087
no_temp,480,20,0.8,0.9,0.1,0.0,0.1,0.7272727272727335,1.0000000000000087
no_temp,480,20,0.8,0.9,0.1,0.0,0.1,0.7272727272727335,1.0000000000000087
no_replan,480,20,0.8,0.9,0.1,0.0,0.1,0.8409090909090953,0.8229166666666727
no_replan,480,20,0.8,0.9,0.1,0.0,0.1,0.8818181818181864,0.8375000000000062
no_replan,480,20,0.8,0.9,0.1,0.0,0.1,0.8803030303030348,0.8354166666666729
no_replan,480,20,0.8,0.9,0.1,0.0,0.1,0.8393939393939442,0.8625000000000066
no_replan,480,20,0.8,0.9,0.1,0.0,0.1,0.8318181818181863,0.8312500000000062
replan_no_observe,480,20,0.8,0.9,0.1,0.0,0.1,0.8803030303030348,0.8354166666666729
replan_no_observe,480,20,0.8,0.9,0.1,0.0,0.1,0.880303030303035,0.8562500000000065
replan_no_observe,480,20,0.8,0.9,0.1,0.0,0.1,0.8757575757575803,0.8291666666666728
replan_no_observe,480,20,0.8,0.9,0.1,0.0,0.1,0.8848484848484894,0.841666666666673
replan_no_observe,480,20,0.8,0.9,0.1,0.0,0.1,0.8803030303030348,0.8354166666666729
hack_observe,480,20,0.8,0.9,0.1,0.0,0.1,0.8803030303030348,0.8354166666666729
hack_observe,480,20,0.8,0.9,0.1,0.0,0.1,0.880303030303035,0.8562500000000065
hack_observe,480,20,0.8,0.9,0.1,0.0,0.1,0.8757575757575803,0.8291666666666728
hack_observe,480,20,0.8,0.9,0.1,0.0,0.1,0.8848484848484894,0.841666666666673
hack_observe,480,20,0.8,0.9,0.1,0.0,0.1,0.8803030303030348,0.8354166666666729
observe,480,20,0.8,0.9,0.1,0.0,0.1,0.8909090909090954,0.8291666666666728
observe,480,20,0.8,0.9,0.1,0.0,0.1,0.8909090909090959,0.8708333333333401
observe,480,20,0.8,0.9,0.1,0.0,0.1,0.8757575757575803,0.8291666666666728
observe,480,20,0.8,0.9,0.1,0.0,0.1,0.883333333333338,0.8395833333333397
observe,480,20,0.8,0.9,0.1,0.0,0.1,0.8787878787878836,0.8541666666666732
no_temp,480,20,0.9,0.9,0.1,0.0,0.1,0.7272727272727335,1.0000000000000087
no_temp,480,20,0.9,0.9,0.1,0.0,0.1,0.7272727272727335,1.0000000000000087
no_temp,480,20,0.9,0.9,0.1,0.0,0.1,0.7272727272727335,1.0000000000000087
no_temp,480,20,0.9,0.9,0.1,0.0,0.1,0.7272727272727335,1.0000000000000087
no_temp,480,20,0.9,0.9,0.1,0.0,0.1,0.7272727272727335,1.0000000000000087
no_replan,480,20,0.9,0.9,0.1,0.0,0.1,0.8833333333333383,0.8812500000000069
no_replan,480,20,0.9,0.9,0.1,0.0,0.1,0.8484848484848532,0.8541666666666732
no_replan,480,20,0.9,0.9,0.1,0.0,0.1,0.8348484848484894,0.8354166666666729
no_replan,480,20,0.9,0.9,0.1,0.0,0.1,0.859090909090914,0.8687500000000067
no_replan,480,20,0.9,0.9,0.1,0.0,0.1,0.9045454545454592,0.8479166666666731
replan_no_observe,480,20,0.9,0.9,0.1,0.0,0.1,0.8560606060606111,0.8854166666666736
replan_no_observe,480,20,0.9,0.9,0.1,0.0,0.1,0.877272727272732,0.8520833333333399
replan_no_observe,480,20,0.9,0.9,0.1,0.0,0.1,0.8681818181818227,0.8395833333333397
replan_no_observe,480,20,0.9,0.9,0.1,0.0,0.1,0.8469696969697019,0.8729166666666734
replan_no_observe,480,20,0.9,0.9,0.1,0.0,0.1,0.9045454545454592,0.8479166666666731
hack_observe,480,20,0.9,0.9,0.1,0.0,0.1,0.8560606060606111,0.8854166666666736
hack_observe,480,20,0.9,0.9,0.1,0.0,0.1,0.877272727272732,0.8520833333333399
hack_observe,480,20,0.9,0.9,0.1,0.0,0.1,0.8681818181818227,0.8395833333333397
hack_observe,480,20,0.9,0.9,0.1,0.0,0.1,0.8469696969697019,0.8729166666666734
hack_observe,480,20,0.9,0.9,0.1,0.0,0.1,0.9045454545454592,0.8479166666666731
observe,480,20,0.9,0.9,0.1,0.0,0.1,0.8560606060606111,0.8854166666666736
observe,480,20,0.9,0.9,0.1,0.0,0.1,0.8939393939393987,0.8541666666666732
observe,480,20,0.9,0.9,0.1,0.0,0.1,0.8712121212121259,0.8437500000000063
observe,480,20,0.9,0.9,0.1,0.0,0.1,0.859090909090914,0.8687500000000067
observe,480,20,0.9,0.9,0.1,0.0,0.1,0.9045454545454592,0.8479166666666731
no_temp,480,30,0.1,0.9,0.1,0.0,0.1,0.6400000000000055,1.0000000000000087
no_temp,480,30,0.1,0.9,0.1,0.0,0.1,0.6400000000000055,1.0000000000000087
no_temp,480,30,0.1,0.9,0.1,0.0,0.1,0.6400000000000055,1.0000000000000087
no_temp,480,30,0.1,0.9,0.1,0.0,0.1,0.6400000000000055,1.0000000000000087
no_temp,480,30,0.1,0.9,0.1,0.0,0.1,0.6400000000000055,1.0000000000000087
no_replan,480,30,0.1,0.9,0.1,0.0,0.1,0.7986666666666703,0.789583333333339
no_replan,480,30,0.1,0.9,0.1,0.0,0.1,0.8320000000000036,0.8000000000000057
no_replan,480,30,0.1,0.9,0.1,0.0,0.1,0.8253333333333369,0.789583333333339
no_replan,480,30,0.1,0.9,0.1,0.0,0.1,0.8146666666666703,0.7937500000000056
no_replan,480,30,0.1,0.9,0.1,0.0,0.1,0.7626666666666702,0.7750000000000054
replan_no_observe,480,30,0.1,0.9,0.1,0.0,0.1,0.85466666666667,0.772916666666672
replan_no_observe,480,30,0.1,0.9,0.1,0.0,0.1,0.8640000000000035,0.7875000000000055
replan_no_observe,480,30,0.1,0.9,0.1,0.0,0.1,0.8293333333333368,0.7750000000000054
replan_no_observe,480,30,0.1,0.9,0.1,0.0,0.1,0.8560000000000036,0.795833333333339
replan_no_observe,480,30,0.1,0.9,0.1,0.0,0.1,0.8106666666666701,0.7666666666666719
hack_observe,480,30,0.1,0.9,0.1,0.0,0.1,0.8160000000000035,0.7750000000000054
hack_observe,480,30,0.1,0.9,0.1,0.0,0.1,0.8640000000000035,0.7875000000000055
hack_observe,480,30,0.1,0.9,0.1,0.0,0.1,0.8146666666666703,0.7937500000000056
hack_observe,480,30,0.1,0.9,0.1,0.0,0.1,0.8506666666666702,0.7875000000000055
hack_observe,480,30,0.1,0.9,0.1,0.0,0.1,0.8053333333333365,0.7375000000000048
observe,480,30,0.1,0.9,0.1,0.0,0.1,0.8373333333333367,0.7666666666666719
observe,480,30,0.1,0.9,0.1,0.0,0.1,0.8640000000000035,0.7875000000000055
observe,480,30,0.1,0.9,0.1,0.0,0.1,0.8266666666666701,0.7708333333333387
observe,480,30,0.1,0.9,0.1,0.0,0.1,0.8506666666666702,0.7875000000000055
observe,480,30,0.1,0.9,0.1,0.0,0.1,0.8053333333333365,0.7375000000000048
no_temp,480,30,0.2,0.9,0.1,0.0,0.1,0.6400000000000055,1.0000000000000087
no_temp,480,30,0.2,0.9,0.1,0.0,0.1,0.6400000000000055,1.0000000000000087
no_temp,480,30,0.2,0.9,0.1,0.0,0.1,0.6400000000000055,1.0000000000000087
no_temp,480,30,0.2,0.9,0.1,0.0,0.1,0.6400000000000055,1.0000000000000087
no_temp,480,30,0.2,0.9,0.1,0.0,0.1,0.6400000000000055,1.0000000000000087
no_replan,480,30,0.2,0.9,0.1,0.0,0.1,0.8120000000000037,0.8104166666666726
no_replan,480,30,0.2,0.9,0.1,0.0,0.1,0.8173333333333368,0.7770833333333388
no_replan,480,30,0.2,0.9,0.1,0.0,0.1,0.7960000000000037,0.8062500000000058
no_replan,480,30,0.2,0.9,0.1,0.0,0.1,0.8133333333333368,0.7708333333333387
no_replan,480,30,0.2,0.9,0.1,0.0,0.1,0.8160000000000036,0.795833333333339
replan_no_observe,480,30,0.2,0.9,0.1,0.0,0.1,0.8386666666666704,0.8104166666666726
replan_no_observe,480,30,0.2,0.9,0.1,0.0,0.1,0.8360000000000034,0.7645833333333386
replan_no_observe,480,30,0.2,0.9,0.1,0.0,0.1,0.8386666666666707,0.8312500000000062
replan_no_observe,480,30,0.2,0.9,0.1,0.0,0.1,0.85466666666667,0.772916666666672
replan_no_observe,480,30,0.2,0.9,0.1,0.0,0.1,0.8480000000000033,0.7625000000000052
hack_observe,480,30,0.2,0.9,0.1,0.0,0.1,0.8400000000000037,0.8125000000000059
hack_observe,480,30,0.2,0.9,0.1,0.0,0.1,0.8106666666666701,0.7666666666666719
hack_observe,480,30,0.2,0.9,0.1,0.0,0.1,0.8026666666666703,0.795833333333339
hack_observe,480,30,0.2,0.9,0.1,0.0,0.1,0.7706666666666698,0.7458333333333383
hack_observe,480,30,0.2,0.9,0.1,0.0,0.1,0.8000000000000038,0.8125000000000059
observe,480,30,0.2,0.9,0.1,0.0,0.1,0.8533333333333372,0.8125000000000059
observe,480,30,0.2,0.9,0.1,0.0,0.1,0.8186666666666702,0.7791666666666721
observe,480,30,0.2,0.9,0.1,0.0,0.1,0.8386666666666702,0.789583333333339
observe,480,30,0.2,0.9,0.1,0.0,0.1,0.79466666666667,0.7625000000000052
observe,480,30,0.2,0.9,0.1,0.0,0.1,0.8426666666666701,0.7750000000000054
no_temp,480,30,0.3,0.9,0.1,0.0,0.1,0.6400000000000055,1.0000000000000087
no_temp,480,30,0.3,0.9,0.1,0.0,0.1,0.6400000000000055,1.0000000000000087
no_temp,480,30,0.3,0.9,0.1,0.0,0.1,0.6400000000000055,1.0000000000000087
no_temp,480,30,0.3,0.9,0.1,0.0,0.1,0.6400000000000055,1.0000000000000087
no_temp,480,30,0.3,0.9,0.1,0.0,0.1,0.6400000000000055,1.0000000000000087
no_replan,480,30,0.3,0.9,0.1,0.0,0.1,0.7853333333333371,0.8104166666666726
no_replan,480,30,0.3,0.9,0.1,0.0,0.1,0.8133333333333371,0.8125000000000059
no_replan,480,30,0.3,0.9,0.1,0.0,0.1,0.7946666666666707,0.8458333333333398
no_replan,480,30,0.3,0.9,0.1,0.0,0.1,0.7826666666666706,0.8270833333333395
no_replan,480,30,0.3,0.9,0.1,0.0,0.1,0.8373333333333367,0.7666666666666719
replan_no_observe,480,30,0.3,0.9,0.1,0.0,0.1,0.8346666666666703,0.8041666666666725
replan_no_observe,480,30,0.3,0.9,0.1,0.0,0.1,0.8520000000000035,0.789583333333339
replan_no_observe,480,30,0.3,0.9,0.1,0.0,0.1,0.8333333333333373,0.8229166666666727
replan_no_observe,480,30,0.3,0.9,0.1,0.0,0.1,0.8466666666666703,0.8020833333333391
replan_no_observe,480,30,0.3,0.9,0.1,0.0,0.1,0.83466666666667,0.7625000000000052
hack_observe,480,30,0.3,0.9,0.1,0.0,0.1,0.7933333333333369,0.7812500000000054
hack_observe,480,30,0.3,0.9,0.1,0.0,0.1,0.8266666666666702,0.7916666666666723
hack_observe,480,30,0.3,0.9,0.1,0.0,0.1,0.788000000000004,0.8354166666666729
hack_observe,480,30,0.3,0.9,0.1,0.0,0.1,0.8026666666666703,0.795833333333339
hack_observe,480,30,0.3,0.9,0.1,0.0,0.1,0.8280000000000034,0.772916666666672
observe,480,30,0.3,0.9,0.1,0.0,0.1,0.8426666666666703,0.795833333333339
observe,480,30,0.3,0.9,0.1,0.0,0.1,0.8640000000000033,0.7666666666666719
observe,480,30,0.3,0.9,0.1,0.0,0.1,0.793333333333337,0.8020833333333391
observe,480,30,0.3,0.9,0.1,0.0,0.1,0.8173333333333371,0.818750000000006
observe,480,30,0.3,0.9,0.1,0.0,0.1,0.80666666666667,0.7604166666666718
no_temp,480,30,0.4,0.9,0.1,0.0,0.1,0.6400000000000055,1.0000000000000087
no_temp,480,30,0.4,0.9,0.1,0.0,0.1,0.6400000000000055,1.0000000000000087
no_temp,480,30,0.4,0.9,0.1,0.0,0.1,0.6400000000000055,1.0000000000000087
no_temp,480,30,0.4,0.9,0.1,0.0,0.1,0.6400000000000055,1.0000000000000087
no_temp,480,30,0.4,0.9,0.1,0.0,0.1,0.6400000000000055,1.0000000000000087
no_replan,480,30,0.4,0.9,0.1,0.0,0.1,0.7680000000000036,0.7833333333333389
no_replan,480,30,0.4,0.9,0.1,0.0,0.1,0.8440000000000036,0.7979166666666724
no_replan,480,30,0.4,0.9,0.1,0.0,0.1,0.7840000000000036,0.7875000000000055
no_replan,480,30,0.4,0.9,0.1,0.0,0.1,0.8373333333333369,0.7875000000000055
no_replan,480,30,0.4,0.9,0.1,0.0,0.1,0.8306666666666703,0.7979166666666724
replan_no_observe,480,30,0.4,0.9,0.1,0.0,0.1,0.809333333333337,0.8062500000000058
replan_no_observe,480,30,0.4,0.9,0.1,0.0,0.1,0.8453333333333368,0.7791666666666721
replan_no_observe,480,30,0.4,0.9,0.1,0.0,0.1,0.8333333333333368,0.7812500000000054
replan_no_observe,480,30,0.4,0.9,0.1,0.0,0.1,0.8266666666666701,0.7708333333333387
replan_no_observe,480,30,0.4,0.9,0.1,0.0,0.1,0.8146666666666703,0.7937500000000056
hack_observe,480,30,0.4,0.9,0.1,0.0,0.1,0.8546666666666703,0.7937500000000056
hack_observe,480,30,0.4,0.9,0.1,0.0,0.1,0.8240000000000035,0.7875000000000055
hack_observe,480,30,0.4,0.9,0.1,0.0,0.1,0.8346666666666703,0.8041666666666725
hack_observe,480,30,0.4,0.9,0.1,0.0,0.1,0.8026666666666703,0.795833333333339
hack_observe,480,30,0.4,0.9,0.1,0.0,0.1,0.8253333333333369,0.789583333333339
observe,480,30,0.4,0.9,0.1,0.0,0.1,0.75466666666667,0.7625000000000052
observe,480,30,0.4,0.9,0.1,0.0,0.1,0.8293333333333368,0.7750000000000054
observe,480,30,0.4,0.9,0.1,0.0,0.1,0.8386666666666702,0.789583333333339
observe,480,30,0.4,0.9,0.1,0.0,0.1,0.8133333333333368,0.7708333333333387
observe,480,30,0.4,0.9,0.1,0.0,0.1,0.8200000000000037,0.8020833333333391
no_temp,480,30,0.5,0.9,0.1,0.0,0.1,0.6400000000000055,1.0000000000000087
no_temp,480,30,0.5,0.9,0.1,0.0,0.1,0.6400000000000055,1.0000000000000087
no_temp,480,30,0.5,0.9,0.1,0.0,0.1,0.6400000000000055,1.0000000000000087
no_temp,480,30,0.5,0.9,0.1,0.0,0.1,0.6400000000000055,1.0000000000000087
no_temp,480,30,0.5,0.9,0.1,0.0,0.1,0.6400000000000055,1.0000000000000087
no_replan,480,30,0.5,0.9,0.1,0.0,0.1,0.8653333333333368,0.789583333333339
no_replan,480,30,0.5,0.9,0.1,0.0,0.1,0.8866666666666705,0.8229166666666727
no_replan,480,30,0.5,0.9,0.1,0.0,0.1,0.7653333333333372,0.8208333333333394
no_replan,480,30,0.5,0.9,0.1,0.0,0.1,0.8213333333333375,0.8458333333333398
no_replan,480,30,0.5,0.9,0.1,0.0,0.1,0.8506666666666706,0.8291666666666728
replan_no_observe,480,30,0.5,0.9,0.1,0.0,0.1,0.8520000000000035,0.789583333333339
replan_no_observe,480,30,0.5,0.9,0.1,0.0,0.1,0.8706666666666706,0.818750000000006
replan_no_observe,480,30,0.5,0.9,0.1,0.0,0.1,0.821333333333337,0.8041666666666725
replan_no_observe,480,30,0.5,0.9,0.1,0.0,0.1,0.8573333333333373,0.8395833333333397
replan_no_observe,480,30,0.5,0.9,0.1,0.0,0.1,0.8306666666666703,0.7979166666666724
hack_observe,480,30,0.5,0.9,0.1,0.0,0.1,0.8506666666666702,0.7875000000000055
hack_observe,480,30,0.5,0.9,0.1,0.0,0.1,0.8706666666666706,0.818750000000006
hack_observe,480,30,0.5,0.9,0.1,0.0,0.1,0.8120000000000037,0.8104166666666726
hack_observe,480,30,0.5,0.9,0.1,0.0,0.1,0.8466666666666706,0.8229166666666727
hack_observe,480,30,0.5,0.9,0.1,0.0,0.1,0.8293333333333374,0.8375000000000062
observe,480,30,0.5,0.9,0.1,0.0,0.1,0.8573333333333369,0.7979166666666724
observe,480,30,0.5,0.9,0.1,0.0,0.1,0.8440000000000036,0.7979166666666724
observe,480,30,0.5,0.9,0.1,0.0,0.1,0.8253333333333369,0.789583333333339
observe,480,30,0.5,0.9,0.1,0.0,0.1,0.8240000000000037,0.8083333333333392
observe,480,30,0.5,0.9,0.1,0.0,0.1,0.8413333333333372,0.8145833333333393
no_temp,480,30,0.6,0.9,0.1,0.0,0.1,0.6400000000000055,1.0000000000000087
no_temp,480,30,0.6,0.9,0.1,0.0,0.1,0.6400000000000055,1.0000000000000087
no_temp,480,30,0.6,0.9,0.1,0.0,0.1,0.6400000000000055,1.0000000000000087
no_temp,480,30,0.6,0.9,0.1,0.0,0.1,0.6400000000000055,1.0000000000000087
no_temp,480,30,0.6,0.9,0.1,0.0,0.1,0.6400000000000055,1.0000000000000087
no_replan,480,30,0.6,0.9,0.1,0.0,0.1,0.8426666666666703,0.795833333333339
no_replan,480,30,0.6,0.9,0.1,0.0,0.1,0.8786666666666705,0.8104166666666726
no_replan,480,30,0.6,0.9,0.1,0.0,0.1,0.8306666666666706,0.818750000000006
no_replan,480,30,0.6,0.9,0.1,0.0,0.1,0.8706666666666703,0.7979166666666724
no_replan,480,30,0.6,0.9,0.1,0.0,0.1,0.8466666666666706,0.8229166666666727
replan_no_observe,480,30,0.6,0.9,0.1,0.0,0.1,0.8600000000000034,0.7812500000000054
replan_no_observe,480,30,0.6,0.9,0.1,0.0,0.1,0.8760000000000037,0.8062500000000058
replan_no_observe,480,30,0.6,0.9,0.1,0.0,0.1,0.8346666666666706,0.8250000000000061
replan_no_observe,480,30,0.6,0.9,0.1,0.0,0.1,0.8546666666666703,0.7937500000000056
replan_no_observe,480,30,0.6,0.9,0.1,0.0,0.1,0.8413333333333372,0.8145833333333393
hack_observe,480,30,0.6,0.9,0.1,0.0,0.1,0.8600000000000034,0.7812500000000054
hack_observe,480,30,0.6,0.9,0.1,0.0,0.1,0.8760000000000037,0.8062500000000058
hack_observe,480,30,0.6,0.9,0.1,0.0,0.1,0.8466666666666703,0.8020833333333391
hack_observe,480,30,0.6,0.9,0.1,0.0,0.1,0.8546666666666703,0.7937500000000056
hack_observe,480,30,0.6,0.9,0.1,0.0,0.1,0.8413333333333372,0.8145833333333393
observe,480,30,0.6,0.9,0.1,0.0,0.1,0.8453333333333372,0.8208333333333394
observe,480,30,0.6,0.9,0.1,0.0,0.1,0.8706666666666703,0.7979166666666724
observe,480,30,0.6,0.9,0.1,0.0,0.1,0.8160000000000035,0.7750000000000054
observe,480,30,0.6,0.9,0.1,0.0,0.1,0.8546666666666703,0.7937500000000056
observe,480,30,0.6,0.9,0.1,0.0,0.1,0.8373333333333369,0.7875000000000055
no_temp,480,30,0.7,0.9,0.1,0.0,0.1,0.6400000000000055,1.0000000000000087
no_temp,480,30,0.7,0.9,0.1,0.0,0.1,0.6400000000000055,1.0000000000000087
no_temp,480,30,0.7,0.9,0.1,0.0,0.1,0.6400000000000055,1.0000000000000087
no_temp,480,30,0.7,0.9,0.1,0.0,0.1,0.6400000000000055,1.0000000000000087
no_temp,480,30,0.7,0.9,0.1,0.0,0.1,0.6400000000000055,1.0000000000000087
no_replan,480,30,0.7,0.9,0.1,0.0,0.1,0.8080000000000037,0.8041666666666725
no_replan,480,30,0.7,0.9,0.1,0.0,0.1,0.8293333333333371,0.8166666666666726
no_replan,480,30,0.7,0.9,0.1,0.0,0.1,0.837333333333337,0.8083333333333392
no_replan,480,30,0.7,0.9,0.1,0.0,0.1,0.8333333333333373,0.8229166666666727
no_replan,480,30,0.7,0.9,0.1,0.0,0.1,0.817333333333337,0.7979166666666724
replan_no_observe,480,30,0.7,0.9,0.1,0.0,0.1,0.8533333333333372,0.8125000000000059
replan_no_observe,480,30,0.7,0.9,0.1,0.0,0.1,0.8466666666666706,0.8229166666666727
replan_no_observe,480,30,0.7,0.9,0.1,0.0,0.1,0.8386666666666702,0.789583333333339
replan_no_observe,480,30,0.7,0.9,0.1,0.0,0.1,0.8480000000000038,0.8041666666666725
replan_no_observe,480,30,0.7,0.9,0.1,0.0,0.1,0.8066666666666705,0.8229166666666727
hack_observe,480,30,0.7,0.9,0.1,0.0,0.1,0.8533333333333372,0.8125000000000059
hack_observe,480,30,0.7,0.9,0.1,0.0,0.1,0.8453333333333372,0.8208333333333394
hack_observe,480,30,0.7,0.9,0.1,0.0,0.1,0.8280000000000036,0.7937500000000056
hack_observe,480,30,0.7,0.9,0.1,0.0,0.1,0.8480000000000038,0.8041666666666725
hack_observe,480,30,0.7,0.9,0.1,0.0,0.1,0.8026666666666705,0.8166666666666726
observe,480,30,0.7,0.9,0.1,0.0,0.1,0.8133333333333369,0.7916666666666723
observe,480,30,0.7,0.9,0.1,0.0,0.1,0.8733333333333371,0.8020833333333391
observe,480,30,0.7,0.9,0.1,0.0,0.1,0.837333333333337,0.8083333333333392
observe,480,30,0.7,0.9,0.1,0.0,0.1,0.816000000000004,0.8375000000000062
observe,480,30,0.7,0.9,0.1,0.0,0.1,0.7973333333333369,0.7875000000000055
no_temp,480,30,0.8,0.9,0.1,0.0,0.1,0.6400000000000055,1.0000000000000087
no_temp,480,30,0.8,0.9,0.1,0.0,0.1,0.6400000000000055,1.0000000000000087
no_temp,480,30,0.8,0.9,0.1,0.0,0.1,0.6400000000000055,1.0000000000000087
no_temp,480,30,0.8,0.9,0.1,0.0,0.1,0.6400000000000055,1.0000000000000087
no_temp,480,30,0.8,0.9,0.1,0.0,0.1,0.6400000000000055,1.0000000000000087
no_replan,480,30,0.8,0.9,0.1,0.0,0.1,0.8306666666666706,0.818750000000006
no_replan,480,30,0.8,0.9,0.1,0.0,0.1,0.8520000000000038,0.8104166666666726
no_replan,480,30,0.8,0.9,0.1,0.0,0.1,0.8026666666666706,0.8375000000000062
no_replan,480,30,0.8,0.9,0.1,0.0,0.1,0.837333333333337,0.8083333333333392
no_replan,480,30,0.8,0.9,0.1,0.0,0.1,0.7960000000000036,0.7854166666666722
replan_no_observe,480,30,0.8,0.9,0.1,0.0,0.1,0.8200000000000037,0.8020833333333391
replan_no_observe,480,30,0.8,0.9,0.1,0.0,0.1,0.8666666666666705,0.8125000000000059
replan_no_observe,480,30,0.8,0.9,0.1,0.0,0.1,0.849333333333337,0.8062500000000058
replan_no_observe,480,30,0.8,0.9,0.1,0.0,0.1,0.8440000000000036,0.7979166666666724
replan_no_observe,480,30,0.8,0.9,0.1,0.0,0.1,0.8240000000000035,0.7875000000000055
hack_observe,480,30,0.8,0.9,0.1,0.0,0.1,0.8200000000000037,0.8020833333333391
hack_observe,480,30,0.8,0.9,0.1,0.0,0.1,0.8666666666666705,0.8125000000000059
hack_observe,480,30,0.8,0.9,0.1,0.0,0.1,0.849333333333337,0.8062500000000058
hack_observe,480,30,0.8,0.9,0.1,0.0,0.1,0.8386666666666704,0.8104166666666726
hack_observe,480,30,0.8,0.9,0.1,0.0,0.1,0.8240000000000035,0.7875000000000055
observe,480,30,0.8,0.9,0.1,0.0,0.1,0.8146666666666701,0.772916666666672
observe,480,30,0.8,0.9,0.1,0.0,0.1,0.8666666666666705,0.8125000000000059
observe,480,30,0.8,0.9,0.1,0.0,0.1,0.8413333333333369,0.7937500000000056
observe,480,30,0.8,0.9,0.1,0.0,0.1,0.821333333333337,0.8041666666666725
observe,480,30,0.8,0.9,0.1,0.0,0.1,0.8440000000000034,0.7770833333333388
no_temp,480,30,0.9,0.9,0.1,0.0,0.1,0.6400000000000055,1.0000000000000087
no_temp,480,30,0.9,0.9,0.1,0.0,0.1,0.6400000000000055,1.0000000000000087
no_temp,480,30,0.9,0.9,0.1,0.0,0.1,0.6400000000000055,1.0000000000000087
no_temp,480,30,0.9,0.9,0.1,0.0,0.1,0.6400000000000055,1.0000000000000087
no_temp,480,30,0.9,0.9,0.1,0.0,0.1,0.6400000000000055,1.0000000000000087
no_replan,480,30,0.9,0.9,0.1,0.0,0.1,0.8213333333333376,0.8666666666666734
no_replan,480,30,0.9,0.9,0.1,0.0,0.1,0.8160000000000042,0.8583333333333399
no_replan,480,30,0.9,0.9,0.1,0.0,0.1,0.8373333333333373,0.8291666666666728
no_replan,480,30,0.9,0.9,0.1,0.0,0.1,0.8386666666666708,0.8520833333333399
no_replan,480,30,0.9,0.9,0.1,0.0,0.1,0.8320000000000041,0.841666666666673
replan_no_observe,480,30,0.9,0.9,0.1,0.0,0.1,0.782666666666671,0.8687500000000067
replan_no_observe,480,30,0.9,0.9,0.1,0.0,0.1,0.8173333333333376,0.8604166666666733
replan_no_observe,480,30,0.9,0.9,0.1,0.0,0.1,0.8373333333333373,0.8291666666666728
replan_no_observe,480,30,0.9,0.9,0.1,0.0,0.1,0.8520000000000042,0.8520833333333399
replan_no_observe,480,30,0.9,0.9,0.1,0.0,0.1,0.8426666666666707,0.8375000000000062
hack_observe,480,30,0.9,0.9,0.1,0.0,0.1,0.782666666666671,0.8687500000000067
hack_observe,480,30,0.9,0.9,0.1,0.0,0.1,0.8173333333333376,0.8604166666666733
hack_observe,480,30,0.9,0.9,0.1,0.0,0.1,0.8373333333333373,0.8291666666666728
hack_observe,480,30,0.9,0.9,0.1,0.0,0.1,0.8520000000000042,0.8520833333333399
hack_observe,480,30,0.9,0.9,0.1,0.0,0.1,0.8426666666666707,0.8375000000000062
observe,480,30,0.9,0.9,0.1,0.0,0.1,0.782666666666671,0.8687500000000067
observe,480,30,0.9,0.9,0.1,0.0,0.1,0.8040000000000043,0.8604166666666733
observe,480,30,0.9,0.9,0.1,0.0,0.1,0.8226666666666705,0.8270833333333395
observe,480,30,0.9,0.9,0.1,0.0,0.1,0.8386666666666708,0.8520833333333399
observe,480,30,0.9,0.9,0.1,0.0,0.1,0.8426666666666707,0.8375000000000062
no_temp,480,40,0.1,0.9,0.1,0.0,0.1,0.5714285714285763,1.0000000000000087
no_temp,480,40,0.1,0.9,0.1,0.0,0.1,0.5714285714285763,1.0000000000000087
no_temp,480,40,0.1,0.9,0.1,0.0,0.1,0.5714285714285763,1.0000000000000087
no_temp,480,40,0.1,0.9,0.1,0.0,0.1,0.5714285714285763,1.0000000000000087
no_temp,480,40,0.1,0.9,0.1,0.0,0.1,0.5714285714285763,1.0000000000000087
no_replan,480,40,0.1,0.9,0.1,0.0,0.1,0.763095238095241,0.772916666666672
no_replan,480,40,0.1,0.9,0.1,0.0,0.1,0.813095238095241,0.7354166666666715
no_replan,480,40,0.1,0.9,0.1,0.0,0.1,0.8250000000000028,0.7562500000000051
no_replan,480,40,0.1,0.9,0.1,0.0,0.1,0.759523809523812,0.704166666666671
no_replan,480,40,0.1,0.9,0.1,0.0,0.1,0.7226190476190505,0.7437500000000049
replan_no_observe,480,40,0.1,0.9,0.1,0.0,0.1,0.7773809523809552,0.7562500000000051
replan_no_observe,480,40,0.1,0.9,0.1,0.0,0.1,0.8619047619047647,0.7375000000000048
replan_no_observe,480,40,0.1,0.9,0.1,0.0,0.1,0.8404761904761933,0.7416666666666716
replan_no_observe,480,40,0.1,0.9,0.1,0.0,0.1,0.8035714285714313,0.7187500000000046
replan_no_observe,480,40,0.1,0.9,0.1,0.0,0.1,0.8273809523809551,0.7187500000000046
hack_observe,480,40,0.1,0.9,0.1,0.0,0.1,0.7571428571428603,0.7833333333333389
hack_observe,480,40,0.1,0.9,0.1,0.0,0.1,0.8226190476190502,0.7312500000000047
hack_observe,480,40,0.1,0.9,0.1,0.0,0.1,0.7845238095238123,0.7479166666666717
hack_observe,480,40,0.1,0.9,0.1,0.0,0.1,0.6928571428571456,0.7333333333333382
hack_observe,480,40,0.1,0.9,0.1,0.0,0.1,0.7583333333333362,0.7437500000000049
observe,480,40,0.1,0.9,0.1,0.0,0.1,0.7785714285714315,0.7583333333333385
observe,480,40,0.1,0.9,0.1,0.0,0.1,0.820238095238098,0.7479166666666717
observe,480,40,0.1,0.9,0.1,0.0,0.1,0.7845238095238126,0.7687500000000053
observe,480,40,0.1,0.9,0.1,0.0,0.1,0.7464285714285741,0.7229166666666713
observe,480,40,0.1,0.9,0.1,0.0,0.1,0.8083333333333361,0.7270833333333381
no_temp,480,40,0.2,0.9,0.1,0.0,0.1,0.5714285714285763,1.0000000000000087
no_temp,480,40,0.2,0.9,0.1,0.0,0.1,0.5714285714285763,1.0000000000000087
no_temp,480,40,0.2,0.9,0.1,0.0,0.1,0.5714285714285763,1.0000000000000087
no_temp,480,40,0.2,0.9,0.1,0.0,0.1,0.5714285714285763,1.0000000000000087
no_temp,480,40,0.2,0.9,0.1,0.0,0.1,0.5714285714285763,1.0000000000000087
no_replan,480,40,0.2,0.9,0.1,0.0,0.1,0.7690476190476223,0.8041666666666725
no_replan,480,40,0.2,0.9,0.1,0.0,0.1,0.8071428571428603,0.7875000000000055
no_replan,480,40,0.2,0.9,0.1,0.0,0.1,0.7297619047619077,0.7562500000000051
no_replan,480,40,0.2,0.9,0.1,0.0,0.1,0.78214285714286,0.7645833333333386
no_replan,480,40,0.2,0.9,0.1,0.0,0.1,0.8166666666666698,0.7833333333333389
replan_no_observe,480,40,0.2,0.9,0.1,0.0,0.1,0.8345238095238129,0.7937500000000056
replan_no_observe,480,40,0.2,0.9,0.1,0.0,0.1,0.8321428571428603,0.7687500000000053
replan_no_observe,480,40,0.2,0.9,0.1,0.0,0.1,0.7678571428571456,0.7395833333333383
replan_no_observe,480,40,0.2,0.9,0.1,0.0,0.1,0.795238095238098,0.7250000000000046
replan_no_observe,480,40,0.2,0.9,0.1,0.0,0.1,0.8023809523809555,0.7791666666666721
hack_observe,480,40,0.2,0.9,0.1,0.0,0.1,0.7940476190476223,0.7854166666666722
hack_observe,480,40,0.2,0.9,0.1,0.0,0.1,0.8071428571428603,0.7875000000000055
hack_observe,480,40,0.2,0.9,0.1,0.0,0.1,0.7178571428571457,0.7562500000000051
hack_observe,480,40,0.2,0.9,0.1,0.0,0.1,0.7892857142857171,0.7354166666666715
hack_observe,480,40,0.2,0.9,0.1,0.0,0.1,0.8071428571428602,0.7666666666666719
observe,480,40,0.2,0.9,0.1,0.0,0.1,0.7761904761904793,0.7750000000000054
observe,480,40,0.2,0.9,0.1,0.0,0.1,0.8107142857142887,0.772916666666672
observe,480,40,0.2,0.9,0.1,0.0,0.1,0.7333333333333362,0.7416666666666716
observe,480,40,0.2,0.9,0.1,0.0,0.1,0.7738095238095265,0.7291666666666714
observe,480,40,0.2,0.9,0.1,0.0,0.1,0.8166666666666696,0.7625000000000052
no_temp,480,40,0.3,0.9,0.1,0.0,0.1,0.5714285714285763,1.0000000000000087
no_temp,480,40,0.3,0.9,0.1,0.0,0.1,0.5714285714285763,1.0000000000000087
no_temp,480,40,0.3,0.9,0.1,0.0,0.1,0.5714285714285763,1.0000000000000087
no_temp,480,40,0.3,0.9,0.1,0.0,0.1,0.5714285714285763,1.0000000000000087
no_temp,480,40,0.3,0.9,0.1,0.0,0.1,0.5714285714285763,1.0000000000000087
no_replan,480,40,0.3,0.9,0.1,0.0,0.1,0.7595238095238127,0.7875000000000055
no_replan,480,40,0.3,0.9,0.1,0.0,0.1,0.8023809523809555,0.7791666666666721
no_replan,480,40,0.3,0.9,0.1,0.0,0.1,0.7964285714285746,0.7687500000000053
no_replan,480,40,0.3,0.9,0.1,0.0,0.1,0.8250000000000032,0.7979166666666724
no_replan,480,40,0.3,0.9,0.1,0.0,0.1,0.801190476190479,0.7562500000000051
replan_no_observe,480,40,0.3,0.9,0.1,0.0,0.1,0.8166666666666696,0.7625000000000052
replan_no_observe,480,40,0.3,0.9,0.1,0.0,0.1,0.7595238095238127,0.7875000000000055
replan_no_observe,480,40,0.3,0.9,0.1,0.0,0.1,0.7904761904761936,0.7791666666666721
replan_no_observe,480,40,0.3,0.9,0.1,0.0,0.1,0.8380952380952412,0.7791666666666721
replan_no_observe,480,40,0.3,0.9,0.1,0.0,0.1,0.7928571428571458,0.7625000000000052
hack_observe,480,40,0.3,0.9,0.1,0.0,0.1,0.7642857142857173,0.7750000000000054
hack_observe,480,40,0.3,0.9,0.1,0.0,0.1,0.8011904761904793,0.7979166666666724
hack_observe,480,40,0.3,0.9,0.1,0.0,0.1,0.7785714285714317,0.7791666666666721
hack_observe,480,40,0.3,0.9,0.1,0.0,0.1,0.8380952380952412,0.7791666666666721
hack_observe,480,40,0.3,0.9,0.1,0.0,0.1,0.8023809523809555,0.7791666666666721
observe,480,40,0.3,0.9,0.1,0.0,0.1,0.7666666666666698,0.7791666666666721
observe,480,40,0.3,0.9,0.1,0.0,0.1,0.7976190476190508,0.7916666666666723
observe,480,40,0.3,0.9,0.1,0.0,0.1,0.7857142857142889,0.7916666666666723
observe,480,40,0.3,0.9,0.1,0.0,0.1,0.8380952380952412,0.7791666666666721
observe,480,40,0.3,0.9,0.1,0.0,0.1,0.8273809523809554,0.7604166666666718
no_temp,480,40,0.4,0.9,0.1,0.0,0.1,0.5714285714285763,1.0000000000000087
no_temp,480,40,0.4,0.9,0.1,0.0,0.1,0.5714285714285763,1.0000000000000087
no_temp,480,40,0.4,0.9,0.1,0.0,0.1,0.5714285714285763,1.0000000000000087
no_temp,480,40,0.4,0.9,0.1,0.0,0.1,0.5714285714285763,1.0000000000000087
no_temp,480,40,0.4,0.9,0.1,0.0,0.1,0.5714285714285763,1.0000000000000087
no_replan,480,40,0.4,0.9,0.1,0.0,0.1,0.7880952380952412,0.7750000000000054
no_replan,480,40,0.4,0.9,0.1,0.0,0.1,0.7833333333333365,0.7875000000000055
no_replan,480,40,0.4,0.9,0.1,0.0,0.1,0.8154761904761939,0.8020833333333391
no_replan,480,40,0.4,0.9,0.1,0.0,0.1,0.7404761904761935,0.7750000000000054
no_replan,480,40,0.4,0.9,0.1,0.0,0.1,0.7773809523809556,0.7979166666666724
replan_no_observe,480,40,0.4,0.9,0.1,0.0,0.1,0.8023809523809556,0.8000000000000057
replan_no_observe,480,40,0.4,0.9,0.1,0.0,0.1,0.8154761904761936,0.7812500000000054
replan_no_observe,480,40,0.4,0.9,0.1,0.0,0.1,0.8071428571428603,0.7875000000000055
replan_no_observe,480,40,0.4,0.9,0.1,0.0,0.1,0.7976190476190508,0.7916666666666723
replan_no_observe,480,40,0.4,0.9,0.1,0.0,0.1,0.8047619047619079,0.7833333333333389
hack_observe,480,40,0.4,0.9,0.1,0.0,0.1,0.7750000000000034,0.7937500000000056
hack_observe,480,40,0.4,0.9,0.1,0.0,0.1,0.7571428571428603,0.7833333333333389
hack_observe,480,40,0.4,0.9,0.1,0.0,0.1,0.8071428571428605,0.8083333333333392
hack_observe,480,40,0.4,0.9,0.1,0.0,0.1,0.7511904761904793,0.772916666666672
hack_observe,480,40,0.4,0.9,0.1,0.0,0.1,0.7476190476190508,0.7875000000000055
observe,480,40,0.4,0.9,0.1,0.0,0.1,0.7428571428571457,0.7375000000000048
observe,480,40,0.4,0.9,0.1,0.0,0.1,0.7880952380952412,0.7750000000000054
observe,480,40,0.4,0.9,0.1,0.0,0.1,0.7738095238095268,0.7708333333333387
observe,480,40,0.4,0.9,0.1,0.0,0.1,0.7666666666666698,0.7791666666666721
observe,480,40,0.4,0.9,0.1,0.0,0.1,0.7988095238095271,0.7937500000000056
no_temp,480,40,0.5,0.9,0.1,0.0,0.1,0.5714285714285763,1.0000000000000087
no_temp,480,40,0.5,0.9,0.1,0.0,0.1,0.5714285714285763,1.0000000000000087
no_temp,480,40,0.5,0.9,0.1,0.0,0.1,0.5714285714285763,1.0000000000000087
no_temp,480,40,0.5,0.9,0.1,0.0,0.1,0.5714285714285763,1.0000000000000087
no_temp,480,40,0.5,0.9,0.1,0.0,0.1,0.5714285714285763,1.0000000000000087
no_replan,480,40,0.5,0.9,0.1,0.0,0.1,0.7714285714285746,0.7875000000000055
no_replan,480,40,0.5,0.9,0.1,0.0,0.1,0.7750000000000034,0.7937500000000056
no_replan,480,40,0.5,0.9,0.1,0.0,0.1,0.7535714285714317,0.7770833333333388
no_replan,480,40,0.5,0.9,0.1,0.0,0.1,0.7511904761904794,0.7937500000000056
no_replan,480,40,0.5,0.9,0.1,0.0,0.1,0.8083333333333365,0.789583333333339
replan_no_observe,480,40,0.5,0.9,0.1,0.0,0.1,0.7928571428571458,0.7625000000000052
replan_no_observe,480,40,0.5,0.9,0.1,0.0,0.1,0.7678571428571462,0.8020833333333391
replan_no_observe,480,40,0.5,0.9,0.1,0.0,0.1,0.8511904761904793,0.7604166666666718
replan_no_observe,480,40,0.5,0.9,0.1,0.0,0.1,0.7857142857142888,0.7708333333333387
replan_no_observe,480,40,0.5,0.9,0.1,0.0,0.1,0.8238095238095271,0.795833333333339
hack_observe,480,40,0.5,0.9,0.1,0.0,0.1,0.7797619047619078,0.7604166666666718
hack_observe,480,40,0.5,0.9,0.1,0.0,0.1,0.7857142857142889,0.7916666666666723
hack_observe,480,40,0.5,0.9,0.1,0.0,0.1,0.8047619047619079,0.7833333333333389
hack_observe,480,40,0.5,0.9,0.1,0.0,0.1,0.7857142857142889,0.7916666666666723
hack_observe,480,40,0.5,0.9,0.1,0.0,0.1,0.7940476190476223,0.7854166666666722
observe,480,40,0.5,0.9,0.1,0.0,0.1,0.801190476190479,0.7562500000000051
observe,480,40,0.5,0.9,0.1,0.0,0.1,0.8023809523809555,0.7791666666666721
observe,480,40,0.5,0.9,0.1,0.0,0.1,0.7916666666666697,0.7604166666666718
observe,480,40,0.5,0.9,0.1,0.0,0.1,0.7511904761904793,0.772916666666672
observe,480,40,0.5,0.9,0.1,0.0,0.1,0.7892857142857175,0.7979166666666724
no_temp,480,40,0.6,0.9,0.1,0.0,0.1,0.5714285714285763,1.0000000000000087
no_temp,480,40,0.6,0.9,0.1,0.0,0.1,0.5714285714285763,1.0000000000000087
no_temp,480,40,0.6,0.9,0.1,0.0,0.1,0.5714285714285763,1.0000000000000087
no_temp,480,40,0.6,0.9,0.1,0.0,0.1,0.5714285714285763,1.0000000000000087
no_temp,480,40,0.6,0.9,0.1,0.0,0.1,0.5714285714285763,1.0000000000000087
no_replan,480,40,0.6,0.9,0.1,0.0,0.1,0.7964285714285746,0.789583333333339
no_replan,480,40,0.6,0.9,0.1,0.0,0.1,0.759523809523813,0.8291666666666728
no_replan,480,40,0.6,0.9,0.1,0.0,0.1,0.7500000000000032,0.7916666666666723
no_replan,480,40,0.6,0.9,0.1,0.0,0.1,0.7952380952380986,0.8083333333333392
no_replan,480,40,0.6,0.9,0.1,0.0,0.1,0.78214285714286,0.7645833333333386
replan_no_observe,480,40,0.6,0.9,0.1,0.0,0.1,0.7857142857142889,0.7916666666666723
replan_no_observe,480,40,0.6,0.9,0.1,0.0,0.1,0.784523809523813,0.8104166666666726
replan_no_observe,480,40,0.6,0.9,0.1,0.0,0.1,0.7809523809523841,0.7833333333333389
replan_no_observe,480,40,0.6,0.9,0.1,0.0,0.1,0.7928571428571461,0.8041666666666725
replan_no_observe,480,40,0.6,0.9,0.1,0.0,0.1,0.7940476190476223,0.7854166666666722
hack_observe,480,40,0.6,0.9,0.1,0.0,0.1,0.7857142857142889,0.7916666666666723
hack_observe,480,40,0.6,0.9,0.1,0.0,0.1,0.810714285714289,0.8145833333333393
hack_observe,480,40,0.6,0.9,0.1,0.0,0.1,0.7702380952380985,0.7854166666666722
hack_observe,480,40,0.6,0.9,0.1,0.0,0.1,0.7928571428571461,0.8041666666666725
hack_observe,480,40,0.6,0.9,0.1,0.0,0.1,0.7940476190476223,0.7854166666666722
observe,480,40,0.6,0.9,0.1,0.0,0.1,0.7833333333333367,0.8083333333333392
observe,480,40,0.6,0.9,0.1,0.0,0.1,0.7666666666666698,0.7791666666666721
observe,480,40,0.6,0.9,0.1,0.0,0.1,0.7654761904761936,0.7770833333333388
observe,480,40,0.6,0.9,0.1,0.0,0.1,0.811904761904765,0.7750000000000054
observe,480,40,0.6,0.9,0.1,0.0,0.1,0.7690476190476222,0.7833333333333389
no_temp,480,40,0.7,0.9,0.1,0.0,0.1,0.5714285714285763,1.0000000000000087
no_temp,480,40,0.7,0.9,0.1,0.0,0.1,0.5714285714285763,1.0000000000000087
no_temp,480,40,0.7,0.9,0.1,0.0,0.1,0.5714285714285763,1.0000000000000087
no_temp,480,40,0.7,0.9,0.1,0.0,0.1,0.5714285714285763,1.0000000000000087
no_temp,480,40,0.7,0.9,0.1,0.0,0.1,0.5714285714285763,1.0000000000000087
no_replan,480,40,0.7,0.9,0.1,0.0,0.1,0.7964285714285746,0.789583333333339
no_replan,480,40,0.7,0.9,0.1,0.0,0.1,0.7952380952380986,0.8083333333333392
no_replan,480,40,0.7,0.9,0.1,0.0,0.1,0.7821428571428604,0.7854166666666722
no_replan,480,40,0.7,0.9,0.1,0.0,0.1,0.7880952380952413,0.795833333333339
no_replan,480,40,0.7,0.9,0.1,0.0,0.1,0.8345238095238129,0.8145833333333393
replan_no_observe,480,40,0.7,0.9,0.1,0.0,0.1,0.8023809523809555,0.7791666666666721
replan_no_observe,480,40,0.7,0.9,0.1,0.0,0.1,0.8250000000000032,0.7770833333333388
replan_no_observe,480,40,0.7,0.9,0.1,0.0,0.1,0.7976190476190508,0.7916666666666723
replan_no_observe,480,40,0.7,0.9,0.1,0.0,0.1,0.8035714285714316,0.7812500000000054
replan_no_observe,480,40,0.7,0.9,0.1,0.0,0.1,0.7845238095238126,0.789583333333339
hack_observe,480,40,0.7,0.9,0.1,0.0,0.1,0.8023809523809555,0.7791666666666721
hack_observe,480,40,0.7,0.9,0.1,0.0,0.1,0.8023809523809555,0.7791666666666721
hack_observe,480,40,0.7,0.9,0.1,0.0,0.1,0.8047619047619079,0.7833333333333389
hack_observe,480,40,0.7,0.9,0.1,0.0,0.1,0.8035714285714316,0.7812500000000054
hack_observe,480,40,0.7,0.9,0.1,0.0,0.1,0.7916666666666701,0.8020833333333391
observe,480,40,0.7,0.9,0.1,0.0,0.1,0.8142857142857176,0.8000000000000057
observe,480,40,0.7,0.9,0.1,0.0,0.1,0.7940476190476223,0.7854166666666722
observe,480,40,0.7,0.9,0.1,0.0,0.1,0.7916666666666701,0.8020833333333391
observe,480,40,0.7,0.9,0.1,0.0,0.1,0.8083333333333365,0.7687500000000053
observe,480,40,0.7,0.9,0.1,0.0,0.1,0.7869047619047652,0.7937500000000056
no_temp,480,40,0.8,0.9,0.1,0.0,0.1,0.5714285714285763,1.0000000000000087
no_temp,480,40,0.8,0.9,0.1,0.0,0.1,0.5714285714285763,1.0000000000000087
no_temp,480,40,0.8,0.9,0.1,0.0,0.1,0.5714285714285763,1.0000000000000087
no_temp,480,40,0.8,0.9,0.1,0.0,0.1,0.5714285714285763,1.0000000000000087
no_temp,480,40,0.8,0.9,0.1,0.0,0.1,0.5714285714285763,1.0000000000000087
no_replan,480,40,0.8,0.9,0.1,0.0,0.1,0.7738095238095271,0.7916666666666723
no_replan,480,40,0.8,0.9,0.1,0.0,0.1,0.797619047619051,0.8125000000000059
no_replan,480,40,0.8,0.9,0.1,0.0,0.1,0.7678571428571459,0.7812500000000054
no_replan,480,40,0.8,0.9,0.1,0.0,0.1,0.7773809523809556,0.7979166666666724
no_replan,480,40,0.8,0.9,0.1,0.0,0.1,0.8095238095238125,0.7708333333333387
replan_no_observe,480,40,0.8,0.9,0.1,0.0,0.1,0.8440476190476222,0.7687500000000053
replan_no_observe,480,40,0.8,0.9,0.1,0.0,0.1,0.8095238095238128,0.7916666666666723
replan_no_observe,480,40,0.8,0.9,0.1,0.0,0.1,0.7880952380952412,0.7750000000000054
replan_no_observe,480,40,0.8,0.9,0.1,0.0,0.1,0.8071428571428603,0.7875000000000055
replan_no_observe,480,40,0.8,0.9,0.1,0.0,0.1,0.7619047619047651,0.7916666666666723
hack_observe,480,40,0.8,0.9,0.1,0.0,0.1,0.8226190476190506,0.772916666666672
hack_observe,480,40,0.8,0.9,0.1,0.0,0.1,0.8095238095238128,0.7916666666666723
hack_observe,480,40,0.8,0.9,0.1,0.0,0.1,0.7880952380952412,0.7750000000000054
hack_observe,480,40,0.8,0.9,0.1,0.0,0.1,0.7845238095238126,0.789583333333339
hack_observe,480,40,0.8,0.9,0.1,0.0,0.1,0.7619047619047651,0.7916666666666723
observe,480,40,0.8,0.9,0.1,0.0,0.1,0.830952380952384,0.7666666666666719
observe,480,40,0.8,0.9,0.1,0.0,0.1,0.7726190476190508,0.789583333333339
observe,480,40,0.8,0.9,0.1,0.0,0.1,0.750000000000003,0.7708333333333387
observe,480,40,0.8,0.9,0.1,0.0,0.1,0.8035714285714316,0.7812500000000054
observe,480,40,0.8,0.9,0.1,0.0,0.1,0.780952380952384,0.7625000000000052
no_temp,480,40,0.9,0.9,0.1,0.0,0.1,0.5714285714285763,1.0000000000000087
no_temp,480,40,0.9,0.9,0.1,0.0,0.1,0.5714285714285763,1.0000000000000087
no_temp,480,40,0.9,0.9,0.1,0.0,0.1,0.5714285714285763,1.0000000000000087
no_temp,480,40,0.9,0.9,0.1,0.0,0.1,0.5714285714285763,1.0000000000000087
no_temp,480,40,0.9,0.9,0.1,0.0,0.1,0.5714285714285763,1.0000000000000087
no_replan,480,40,0.9,0.9,0.1,0.0,0.1,0.7607142857142892,0.8312500000000062
no_replan,480,40,0.9,0.9,0.1,0.0,0.1,0.7357142857142894,0.8500000000000064
no_replan,480,40,0.9,0.9,0.1,0.0,0.1,0.7476190476190513,0.8500000000000064
no_replan,480,40,0.9,0.9,0.1,0.0,0.1,0.7500000000000036,0.8333333333333396
no_replan,480,40,0.9,0.9,0.1,0.0,0.1,0.8000000000000034,0.8166666666666726
replan_no_observe,480,40,0.9,0.9,0.1,0.0,0.1,0.7285714285714322,0.8375000000000062
replan_no_observe,480,40,0.9,0.9,0.1,0.0,0.1,0.7500000000000038,0.8541666666666732
replan_no_observe,480,40,0.9,0.9,0.1,0.0,0.1,0.7595238095238133,0.8500000000000064
replan_no_observe,480,40,0.9,0.9,0.1,0.0,0.1,0.7488095238095274,0.8312500000000062
replan_no_observe,480,40,0.9,0.9,0.1,0.0,0.1,0.778571428571432,0.8208333333333394
hack_observe,480,40,0.9,0.9,0.1,0.0,0.1,0.7285714285714322,0.8375000000000062
hack_observe,480,40,0.9,0.9,0.1,0.0,0.1,0.7500000000000038,0.8541666666666732
hack_observe,480,40,0.9,0.9,0.1,0.0,0.1,0.7595238095238133,0.8500000000000064
hack_observe,480,40,0.9,0.9,0.1,0.0,0.1,0.7488095238095274,0.8312500000000062
hack_observe,480,40,0.9,0.9,0.1,0.0,0.1,0.778571428571432,0.8208333333333394
observe,480,40,0.9,0.9,0.1,0.0,0.1,0.7250000000000035,0.8312500000000062
observe,480,40,0.9,0.9,0.1,0.0,0.1,0.7261904761904799,0.8541666666666732
observe,480,40,0.9,0.9,0.1,0.0,0.1,0.7595238095238133,0.8500000000000064
observe,480,40,0.9,0.9,0.1,0.0,0.1,0.7250000000000035,0.8312500000000062
observe,480,40,0.9,0.9,0.1,0.0,0.1,0.7761904761904797,0.8166666666666726
